codec,seq,profile,preset,param,phase,n_frames,time_s,energy_cpu_j,energy_gpu_j,energy_total_j,idle_cpu_w,idle_gpu_w,actual_mbps,bitstream_path
vvenc,Beauty,LDP,medium,crf=27,encode,600,172.659,12525.808,0.0,12525.808,24.83,37.07,4.387,/dev/shm/bitstreams/vvenc_Beauty_LDP_crf27.266
vvenc,Beauty,LDP,medium,crf=27,decode,600,1.243,115.981,0.0,115.981,24.73,37.17,4.387,/dev/shm/bitstreams/vvenc_Beauty_LDP_crf27.266
vvenc,Beauty,LDP,medium,crf=33,encode,600,96.007,6800.948,0.0,6800.948,24.53,37.04,1.72,/dev/shm/bitstreams/vvenc_Beauty_LDP_crf33.266
vvenc,Beauty,LDP,medium,crf=33,decode,600,1.108,99.838,0.0,99.838,24.65,36.69,1.72,/dev/shm/bitstreams/vvenc_Beauty_LDP_crf33.266
vvenc,Beauty,LDP,medium,crf=39,encode,600,65.607,4661.573,0.0,4661.573,24.61,36.71,0.766,/dev/shm/bitstreams/vvenc_Beauty_LDP_crf39.266
vvenc,Beauty,LDP,medium,crf=39,decode,600,1.049,91.858,0.0,91.858,24.92,36.52,0.766,/dev/shm/bitstreams/vvenc_Beauty_LDP_crf39.266
vvenc,Beauty,LDP,medium,crf=45,encode,600,43.732,3003.882,0.0,3003.882,24.65,36.94,0.306,/dev/shm/bitstreams/vvenc_Beauty_LDP_crf45.266
vvenc,Beauty,LDP,medium,crf=45,decode,600,0.979,82.414,0.0,82.414,24.63,36.14,0.306,/dev/shm/bitstreams/vvenc_Beauty_LDP_crf45.266
vvenc,Beauty,RA,medium,crf=27,encode,600,173.261,12655.291,0.0,12655.291,24.57,36.36,4.387,/dev/shm/bitstreams/vvenc_Beauty_RA_crf27.266
vvenc,Beauty,RA,medium,crf=27,decode,600,1.251,115.954,0.0,115.954,24.49,36.58,4.387,/dev/shm/bitstreams/vvenc_Beauty_RA_crf27.266
vvenc,Beauty,RA,medium,crf=33,encode,600,95.894,6774.924,0.0,6774.924,24.65,36.86,1.72,/dev/shm/bitstreams/vvenc_Beauty_RA_crf33.266
vvenc,Beauty,RA,medium,crf=33,decode,600,1.113,99.594,0.0,99.594,24.57,36.91,1.72,/dev/shm/bitstreams/vvenc_Beauty_RA_crf33.266
vvenc,Beauty,RA,medium,crf=39,encode,600,65.66,4674.017,0.0,4674.017,24.57,37.12,0.766,/dev/shm/bitstreams/vvenc_Beauty_RA_crf39.266
vvenc,Beauty,RA,medium,crf=39,decode,600,1.051,92.328,0.0,92.328,24.55,37.07,0.766,/dev/shm/bitstreams/vvenc_Beauty_RA_crf39.266
vvenc,Beauty,RA,medium,crf=45,encode,600,43.908,3010.739,0.0,3010.739,24.59,36.91,0.306,/dev/shm/bitstreams/vvenc_Beauty_RA_crf45.266
vvenc,Beauty,RA,medium,crf=45,decode,600,0.981,82.134,0.0,82.134,24.61,37.07,0.306,/dev/shm/bitstreams/vvenc_Beauty_RA_crf45.266
vvenc,Bosphorus,LDP,medium,crf=27,encode,600,186.97,12086.455,0.0,12086.455,24.64,37.17,7.72,/dev/shm/bitstreams/vvenc_Bosphorus_LDP_crf27.266
vvenc,Bosphorus,LDP,medium,crf=27,decode,600,1.425,127.187,0.0,127.187,24.77,36.86,7.72,/dev/shm/bitstreams/vvenc_Bosphorus_LDP_crf27.266
vvenc,Bosphorus,LDP,medium,crf=33,encode,600,120.681,7385.062,0.0,7385.062,24.59,36.79,2.979,/dev/shm/bitstreams/vvenc_Bosphorus_LDP_crf33.266
vvenc,Bosphorus,LDP,medium,crf=33,decode,600,1.17,104.487,0.0,104.487,24.53,36.9,2.979,/dev/shm/bitstreams/vvenc_Bosphorus_LDP_crf33.266
vvenc,Bosphorus,LDP,medium,crf=39,encode,600,84.682,5181.618,0.0,5181.618,24.61,36.59,1.29,/dev/shm/bitstreams/vvenc_Bosphorus_LDP_crf39.266
vvenc,Bosphorus,LDP,medium,crf=39,decode,600,1.075,94.239,0.0,94.239,24.62,36.69,1.29,/dev/shm/bitstreams/vvenc_Bosphorus_LDP_crf39.266
vvenc,Bosphorus,LDP,medium,crf=45,encode,600,55.054,3399.838,0.0,3399.838,24.59,36.67,0.498,/dev/shm/bitstreams/vvenc_Bosphorus_LDP_crf45.266
vvenc,Bosphorus,LDP,medium,crf=45,decode,600,1.007,87.454,0.0,87.454,24.6,36.82,0.498,/dev/shm/bitstreams/vvenc_Bosphorus_LDP_crf45.266
vvenc,Bosphorus,RA,medium,crf=27,encode,600,186.743,12044.929,0.0,12044.929,24.79,36.5,7.72,/dev/shm/bitstreams/vvenc_Bosphorus_RA_crf27.266
vvenc,Bosphorus,RA,medium,crf=27,decode,600,1.433,127.808,0.0,127.808,24.68,36.8,7.72,/dev/shm/bitstreams/vvenc_Bosphorus_RA_crf27.266
vvenc,Bosphorus,RA,medium,crf=33,encode,600,120.419,7392.036,0.0,7392.036,24.59,36.8,2.979,/dev/shm/bitstreams/vvenc_Bosphorus_RA_crf33.266
vvenc,Bosphorus,RA,medium,crf=33,decode,600,1.179,104.386,0.0,104.386,24.58,37.12,2.979,/dev/shm/bitstreams/vvenc_Bosphorus_RA_crf33.266
vvenc,Bosphorus,RA,medium,crf=39,encode,600,84.498,5165.069,0.0,5165.069,24.86,36.86,1.29,/dev/shm/bitstreams/vvenc_Bosphorus_RA_crf39.266
vvenc,Bosphorus,RA,medium,crf=39,decode,600,1.07,93.981,0.0,93.981,24.57,36.93,1.29,/dev/shm/bitstreams/vvenc_Bosphorus_RA_crf39.266
vvenc,Bosphorus,RA,medium,crf=45,encode,600,55.463,3480.148,0.0,3480.148,24.61,37.24,0.498,/dev/shm/bitstreams/vvenc_Bosphorus_RA_crf45.266
vvenc,Bosphorus,RA,medium,crf=45,decode,600,1.017,87.431,0.0,87.431,26.23,36.86,0.498,/dev/shm/bitstreams/vvenc_Bosphorus_RA_crf45.266
vvenc,HoneyBee,LDP,medium,crf=27,encode,600,61.767,4652.269,0.0,4652.269,25.81,36.6,1.544,/dev/shm/bitstreams/vvenc_HoneyBee_LDP_crf27.266
vvenc,HoneyBee,LDP,medium,crf=27,decode,600,1.117,86.73,0.0,86.73,24.95,34.93,1.544,/dev/shm/bitstreams/vvenc_HoneyBee_LDP_crf27.266
vvenc,HoneyBee,LDP,medium,crf=33,encode,600,41.794,3128.254,0.0,3128.254,24.53,34.75,0.755,/dev/shm/bitstreams/vvenc_HoneyBee_LDP_crf33.266
vvenc,HoneyBee,LDP,medium,crf=33,decode,600,1.005,71.97,0.0,71.97,24.57,34.95,0.755,/dev/shm/bitstreams/vvenc_HoneyBee_LDP_crf33.266
vvenc,HoneyBee,LDP,medium,crf=39,encode,600,33.104,2573.368,0.0,2573.368,24.82,35.3,0.453,/dev/shm/bitstreams/vvenc_HoneyBee_LDP_crf39.266
vvenc,HoneyBee,LDP,medium,crf=39,decode,600,0.962,68.531,0.0,68.531,24.63,35.42,0.453,/dev/shm/bitstreams/vvenc_HoneyBee_LDP_crf39.266
vvenc,HoneyBee,LDP,medium,crf=45,encode,600,24.479,1899.669,0.0,1899.669,24.74,35.25,0.259,/dev/shm/bitstreams/vvenc_HoneyBee_LDP_crf45.266
vvenc,HoneyBee,LDP,medium,crf=45,decode,600,0.937,66.685,0.0,66.685,24.66,34.36,0.259,/dev/shm/bitstreams/vvenc_HoneyBee_LDP_crf45.266
vvenc,HoneyBee,RA,medium,crf=27,encode,600,61.322,4528.615,0.0,4528.615,24.93,34.86,1.544,/dev/shm/bitstreams/vvenc_HoneyBee_RA_crf27.266
vvenc,HoneyBee,RA,medium,crf=27,decode,600,1.111,87.113,0.0,87.113,24.91,35.31,1.544,/dev/shm/bitstreams/vvenc_HoneyBee_RA_crf27.266
vvenc,HoneyBee,RA,medium,crf=33,encode,600,41.842,3131.071,0.0,3131.071,24.59,35.79,0.755,/dev/shm/bitstreams/vvenc_HoneyBee_RA_crf33.266
vvenc,HoneyBee,RA,medium,crf=33,decode,600,1.006,72.097,0.0,72.097,24.64,34.98,0.755,/dev/shm/bitstreams/vvenc_HoneyBee_RA_crf33.266
vvenc,HoneyBee,RA,medium,crf=39,encode,600,33.224,2575.955,0.0,2575.955,24.79,35.72,0.453,/dev/shm/bitstreams/vvenc_HoneyBee_RA_crf39.266
vvenc,HoneyBee,RA,medium,crf=39,decode,600,0.964,68.684,0.0,68.684,24.55,35.7,0.453,/dev/shm/bitstreams/vvenc_HoneyBee_RA_crf39.266
vvenc,HoneyBee,RA,medium,crf=45,encode,600,24.441,1893.939,0.0,1893.939,24.76,35.77,0.259,/dev/shm/bitstreams/vvenc_HoneyBee_RA_crf45.266
vvenc,HoneyBee,RA,medium,crf=45,decode,600,0.946,67.637,0.0,67.637,24.68,35.84,0.259,/dev/shm/bitstreams/vvenc_HoneyBee_RA_crf45.266
vvenc,Jockey,LDP,medium,crf=27,encode,600,127.303,9839.131,0.0,9839.131,24.83,36.06,4.424,/dev/shm/bitstreams/vvenc_Jockey_LDP_crf27.266
vvenc,Jockey,LDP,medium,crf=27,decode,600,1.289,120.935,0.0,120.935,24.65,35.65,4.424,/dev/shm/bitstreams/vvenc_Jockey_LDP_crf27.266
vvenc,Jockey,LDP,medium,crf=33,encode,600,84.086,6448.381,0.0,6448.381,24.57,35.48,2.033,/dev/shm/bitstreams/vvenc_Jockey_LDP_crf33.266
vvenc,Jockey,LDP,medium,crf=33,decode,600,1.152,103.03,0.0,103.03,24.64,36.04,2.033,/dev/shm/bitstreams/vvenc_Jockey_LDP_crf33.266
vvenc,Jockey,LDP,medium,crf=39,encode,600,61.271,4713.327,0.0,4713.327,24.6,36.14,1.034,/dev/shm/bitstreams/vvenc_Jockey_LDP_crf39.266
vvenc,Jockey,LDP,medium,crf=39,decode,600,1.064,91.024,0.0,91.024,24.69,35.03,1.034,/dev/shm/bitstreams/vvenc_Jockey_LDP_crf39.266
vvenc,Jockey,LDP,medium,crf=45,encode,600,41.949,3136.997,0.0,3136.997,24.63,35.77,0.441,/dev/shm/bitstreams/vvenc_Jockey_LDP_crf45.266
vvenc,Jockey,LDP,medium,crf=45,decode,600,0.999,81.692,0.0,81.692,24.63,35.96,0.441,/dev/shm/bitstreams/vvenc_Jockey_LDP_crf45.266
vvenc,Jockey,RA,medium,crf=27,encode,600,126.88,9895.257,0.0,9895.257,24.61,35.67,4.424,/dev/shm/bitstreams/vvenc_Jockey_RA_crf27.266
vvenc,Jockey,RA,medium,crf=27,decode,600,1.295,119.122,0.0,119.122,24.64,36.31,4.424,/dev/shm/bitstreams/vvenc_Jockey_RA_crf27.266
vvenc,Jockey,RA,medium,crf=33,encode,600,83.63,6426.656,0.0,6426.656,24.77,36.1,2.033,/dev/shm/bitstreams/vvenc_Jockey_RA_crf33.266
vvenc,Jockey,RA,medium,crf=33,decode,600,1.147,103.37,0.0,103.37,24.76,37.19,2.033,/dev/shm/bitstreams/vvenc_Jockey_RA_crf33.266
vvenc,Jockey,RA,medium,crf=39,encode,600,61.259,4707.414,0.0,4707.414,24.79,37.93,1.034,/dev/shm/bitstreams/vvenc_Jockey_RA_crf39.266
vvenc,Jockey,RA,medium,crf=39,decode,600,1.067,90.91,0.0,90.91,24.69,36.74,1.034,/dev/shm/bitstreams/vvenc_Jockey_RA_crf39.266
vvenc,Jockey,RA,medium,crf=45,encode,600,42.016,3146.947,0.0,3146.947,24.64,36.5,0.441,/dev/shm/bitstreams/vvenc_Jockey_RA_crf45.266
vvenc,Jockey,RA,medium,crf=45,decode,600,1.004,81.839,0.0,81.839,24.84,36.65,0.441,/dev/shm/bitstreams/vvenc_Jockey_RA_crf45.266
vvenc,ReadySteadyGo,LDP,medium,crf=27,encode,600,196.115,14705.231,0.0,14705.231,24.58,36.09,9.133,/dev/shm/bitstreams/vvenc_ReadySteadyGo_LDP_crf27.266
vvenc,ReadySteadyGo,LDP,medium,crf=27,decode,600,1.538,138.453,0.0,138.453,24.6,36.21,9.133,/dev/shm/bitstreams/vvenc_ReadySteadyGo_LDP_crf27.266
vvenc,ReadySteadyGo,LDP,medium,crf=33,encode,600,129.918,9479.745,0.0,9479.745,24.79,36.42,4.117,/dev/shm/bitstreams/vvenc_ReadySteadyGo_LDP_crf33.266
vvenc,ReadySteadyGo,LDP,medium,crf=33,decode,600,1.272,113.372,0.0,113.372,24.68,35.72,4.117,/dev/shm/bitstreams/vvenc_ReadySteadyGo_LDP_crf33.266
vvenc,ReadySteadyGo,LDP,medium,crf=39,encode,600,90.253,6643.173,0.0,6643.173,24.66,35.67,1.98,/dev/shm/bitstreams/vvenc_ReadySteadyGo_LDP_crf39.266
vvenc,ReadySteadyGo,LDP,medium,crf=39,decode,600,1.133,101.212,0.0,101.212,24.58,36.39,1.98,/dev/shm/bitstreams/vvenc_ReadySteadyGo_LDP_crf39.266
vvenc,ReadySteadyGo,LDP,medium,crf=45,encode,600,61.467,4394.564,0.0,4394.564,24.7,36.41,0.798,/dev/shm/bitstreams/vvenc_ReadySteadyGo_LDP_crf45.266
vvenc,ReadySteadyGo,LDP,medium,crf=45,decode,600,1.041,90.545,0.0,90.545,24.68,35.76,0.798,/dev/shm/bitstreams/vvenc_ReadySteadyGo_LDP_crf45.266
vvenc,ReadySteadyGo,RA,medium,crf=27,encode,600,195.05,14666.684,0.0,14666.684,24.48,36.09,9.133,/dev/shm/bitstreams/vvenc_ReadySteadyGo_RA_crf27.266
vvenc,ReadySteadyGo,RA,medium,crf=27,decode,600,1.534,138.492,0.0,138.492,24.62,35.59,9.133,/dev/shm/bitstreams/vvenc_ReadySteadyGo_RA_crf27.266
vvenc,ReadySteadyGo,RA,medium,crf=33,encode,600,129.993,9493.515,0.0,9493.515,24.51,35.46,4.117,/dev/shm/bitstreams/vvenc_ReadySteadyGo_RA_crf33.266
vvenc,ReadySteadyGo,RA,medium,crf=33,decode,600,1.271,113.83,0.0,113.83,24.61,35.79,4.117,/dev/shm/bitstreams/vvenc_ReadySteadyGo_RA_crf33.266
vvenc,ReadySteadyGo,RA,medium,crf=39,encode,600,90.561,6659.077,0.0,6659.077,24.63,35.91,1.98,/dev/shm/bitstreams/vvenc_ReadySteadyGo_RA_crf39.266
vvenc,ReadySteadyGo,RA,medium,crf=39,decode,600,1.142,101.486,0.0,101.486,24.63,36.06,1.98,/dev/shm/bitstreams/vvenc_ReadySteadyGo_RA_crf39.266
vvenc,ReadySteadyGo,RA,medium,crf=45,encode,600,61.682,4409.334,0.0,4409.334,24.63,35.95,0.798,/dev/shm/bitstreams/vvenc_ReadySteadyGo_RA_crf45.266
vvenc,ReadySteadyGo,RA,medium,crf=45,decode,600,1.042,89.85,0.0,89.85,24.67,35.93,0.798,/dev/shm/bitstreams/vvenc_ReadySteadyGo_RA_crf45.266
vvenc,ShakeNDry,LDP,medium,crf=27,encode,300,104.206,8879.012,0.0,8879.012,24.49,35.32,13.359,/dev/shm/bitstreams/vvenc_ShakeNDry_LDP_crf27.266
vvenc,ShakeNDry,LDP,medium,crf=27,decode,300,0.847,70.282,0.0,70.282,24.59,35.4,13.359,/dev/shm/bitstreams/vvenc_ShakeNDry_LDP_crf27.266
vvenc,ShakeNDry,LDP,medium,crf=33,encode,300,55.56,4268.894,0.0,4268.894,24.78,35.31,3.942,/dev/shm/bitstreams/vvenc_ShakeNDry_LDP_crf33.266
vvenc,ShakeNDry,LDP,medium,crf=33,decode,300,0.66,49.314,0.0,49.314,24.61,35.83,3.942,/dev/shm/bitstreams/vvenc_ShakeNDry_LDP_crf33.266
vvenc,ShakeNDry,LDP,medium,crf=39,encode,300,30.573,2249.743,0.0,2249.743,24.53,35.78,1.202,/dev/shm/bitstreams/vvenc_ShakeNDry_LDP_crf39.266
vvenc,ShakeNDry,LDP,medium,crf=39,decode,300,0.572,38.648,0.0,38.648,24.56,35.55,1.202,/dev/shm/bitstreams/vvenc_ShakeNDry_LDP_crf39.266
vvenc,ShakeNDry,LDP,medium,crf=45,encode,300,20.308,1450.574,0.0,1450.574,24.54,35.01,0.517,/dev/shm/bitstreams/vvenc_ShakeNDry_LDP_crf45.266
vvenc,ShakeNDry,LDP,medium,crf=45,decode,300,0.531,33.479,0.0,33.479,24.57,35.53,0.517,/dev/shm/bitstreams/vvenc_ShakeNDry_LDP_crf45.266
vvenc,ShakeNDry,RA,medium,crf=27,encode,300,103.992,8875.352,0.0,8875.352,24.5,34.65,13.359,/dev/shm/bitstreams/vvenc_ShakeNDry_RA_crf27.266
vvenc,ShakeNDry,RA,medium,crf=27,decode,300,0.843,69.75,0.0,69.75,24.61,35.29,13.359,/dev/shm/bitstreams/vvenc_ShakeNDry_RA_crf27.266
vvenc,ShakeNDry,RA,medium,crf=33,encode,300,54.725,4261.425,0.0,4261.425,24.7,35.75,3.942,/dev/shm/bitstreams/vvenc_ShakeNDry_RA_crf33.266
vvenc,ShakeNDry,RA,medium,crf=33,decode,300,0.666,49.697,0.0,49.697,24.55,35.0,3.942,/dev/shm/bitstreams/vvenc_ShakeNDry_RA_crf33.266
vvenc,ShakeNDry,RA,medium,crf=39,encode,300,30.976,2245.127,0.0,2245.127,24.57,35.54,1.202,/dev/shm/bitstreams/vvenc_ShakeNDry_RA_crf39.266
vvenc,ShakeNDry,RA,medium,crf=39,decode,300,0.568,38.397,0.0,38.397,24.59,35.62,1.202,/dev/shm/bitstreams/vvenc_ShakeNDry_RA_crf39.266
vvenc,ShakeNDry,RA,medium,crf=45,encode,300,20.318,1454.749,0.0,1454.749,24.53,36.06,0.517,/dev/shm/bitstreams/vvenc_ShakeNDry_RA_crf45.266
vvenc,ShakeNDry,RA,medium,crf=45,decode,300,0.535,33.908,0.0,33.908,24.61,37.09,0.517,/dev/shm/bitstreams/vvenc_ShakeNDry_RA_crf45.266
vvenc,YachtRide,LDP,medium,crf=27,encode,600,296.727,24375.032,0.0,24375.032,24.5,35.59,19.666,/dev/shm/bitstreams/vvenc_YachtRide_LDP_crf27.266
vvenc,YachtRide,LDP,medium,crf=27,decode,600,1.873,185.271,0.0,185.271,24.57,35.06,19.666,/dev/shm/bitstreams/vvenc_YachtRide_LDP_crf27.266
vvenc,YachtRide,LDP,medium,crf=33,encode,600,174.936,13393.083,0.0,13393.083,24.8,35.35,6.737,/dev/shm/bitstreams/vvenc_YachtRide_LDP_crf33.266
vvenc,YachtRide,LDP,medium,crf=33,decode,600,1.43,137.417,0.0,137.417,24.44,36.06,6.737,/dev/shm/bitstreams/vvenc_YachtRide_LDP_crf33.266
vvenc,YachtRide,LDP,medium,crf=39,encode,600,104.87,7646.102,0.0,7646.102,24.8,36.1,2.312,/dev/shm/bitstreams/vvenc_YachtRide_LDP_crf39.266
vvenc,YachtRide,LDP,medium,crf=39,decode,600,1.205,112.597,0.0,112.597,24.62,36.11,2.312,/dev/shm/bitstreams/vvenc_YachtRide_LDP_crf39.266
vvenc,YachtRide,LDP,medium,crf=45,encode,600,69.273,4593.23,0.0,4593.23,24.56,36.04,0.822,/dev/shm/bitstreams/vvenc_YachtRide_LDP_crf45.266
vvenc,YachtRide,LDP,medium,crf=45,decode,600,1.079,97.272,0.0,97.272,24.84,35.32,0.822,/dev/shm/bitstreams/vvenc_YachtRide_LDP_crf45.266
vvenc,YachtRide,RA,medium,crf=27,encode,600,298.555,24442.567,0.0,24442.567,24.54,35.55,19.666,/dev/shm/bitstreams/vvenc_YachtRide_RA_crf27.266
vvenc,YachtRide,RA,medium,crf=27,decode,600,1.879,184.912,0.0,184.912,24.62,35.51,19.666,/dev/shm/bitstreams/vvenc_YachtRide_RA_crf27.266
vvenc,YachtRide,RA,medium,crf=33,encode,600,174.191,13409.653,0.0,13409.653,24.6,35.87,6.737,/dev/shm/bitstreams/vvenc_YachtRide_RA_crf33.266
vvenc,YachtRide,RA,medium,crf=33,decode,600,1.43,137.126,0.0,137.126,24.58,35.53,6.737,/dev/shm/bitstreams/vvenc_YachtRide_RA_crf33.266
vvenc,YachtRide,RA,medium,crf=39,encode,600,104.88,7659.247,0.0,7659.247,24.55,35.62,2.312,/dev/shm/bitstreams/vvenc_YachtRide_RA_crf39.266
vvenc,YachtRide,RA,medium,crf=39,decode,600,1.2,111.325,0.0,111.325,24.62,34.72,2.312,/dev/shm/bitstreams/vvenc_YachtRide_RA_crf39.266
vvenc,YachtRide,RA,medium,crf=45,encode,600,69.533,4583.582,0.0,4583.582,24.6,35.27,0.822,/dev/shm/bitstreams/vvenc_YachtRide_RA_crf45.266
vvenc,YachtRide,RA,medium,crf=45,decode,600,1.073,97.28,0.0,97.28,24.61,36.44,0.822,/dev/shm/bitstreams/vvenc_YachtRide_RA_crf45.266
vvenc,Beauty,LDP,faster,crf=27,encode,600,20.996,2081.576,0.0,2081.576,20.55,37.72,4.571,/home/user/tesi/bitstreams_video/vvenc_Beauty_LDP_faster_crf27.266
vvenc,Beauty,LDP,faster,crf=27,decode,600,1.329,124.007,0.0,124.007,20.89,39.04,4.571,/home/user/tesi/bitstreams_video/vvenc_Beauty_LDP_faster_crf27.266
vvenc,Beauty,LDP,faster,crf=33,encode,600,13.077,1248.596,0.0,1248.596,20.74,38.62,1.791,/home/user/tesi/bitstreams_video/vvenc_Beauty_LDP_faster_crf33.266
vvenc,Beauty,LDP,faster,crf=33,decode,600,1.2,111.146,0.0,111.146,20.26,37.63,1.791,/home/user/tesi/bitstreams_video/vvenc_Beauty_LDP_faster_crf33.266
vvenc,Beauty,LDP,faster,crf=39,encode,600,10.677,977.106,0.0,977.106,20.29,37.37,0.806,/home/user/tesi/bitstreams_video/vvenc_Beauty_LDP_faster_crf39.266
vvenc,Beauty,LDP,faster,crf=39,decode,600,1.161,105.531,0.0,105.531,20.34,37.5,0.806,/home/user/tesi/bitstreams_video/vvenc_Beauty_LDP_faster_crf39.266
vvenc,Beauty,LDP,faster,crf=45,encode,600,9.215,831.964,0.0,831.964,20.22,37.21,0.342,/home/user/tesi/bitstreams_video/vvenc_Beauty_LDP_faster_crf45.266
vvenc,Beauty,LDP,faster,crf=45,decode,600,1.118,100.747,0.0,100.747,20.17,38.55,0.342,/home/user/tesi/bitstreams_video/vvenc_Beauty_LDP_faster_crf45.266
vvenc,Beauty,LDP,slow,crf=27,encode,600,634.133,48737.624,0.0,48737.624,20.08,36.74,4.288,/home/user/tesi/bitstreams_video/vvenc_Beauty_LDP_slow_crf27.266
vvenc,Beauty,LDP,slow,crf=27,decode,600,1.257,121.227,0.0,121.227,20.19,37.25,4.288,/home/user/tesi/bitstreams_video/vvenc_Beauty_LDP_slow_crf27.266
vvenc,Beauty,LDP,slow,crf=33,encode,600,325.081,23234.54,0.0,23234.54,20.88,36.69,1.69,/home/user/tesi/bitstreams_video/vvenc_Beauty_LDP_slow_crf33.266
vvenc,Beauty,LDP,slow,crf=33,decode,600,1.111,104.109,0.0,104.109,20.29,36.91,1.69,/home/user/tesi/bitstreams_video/vvenc_Beauty_LDP_slow_crf33.266
vvenc,Beauty,LDP,slow,crf=39,encode,600,182.681,12363.622,0.0,12363.622,20.15,37.47,0.757,/home/user/tesi/bitstreams_video/vvenc_Beauty_LDP_slow_crf39.266
vvenc,Beauty,LDP,slow,crf=39,decode,600,1.049,95.915,0.0,95.915,20.34,37.28,0.757,/home/user/tesi/bitstreams_video/vvenc_Beauty_LDP_slow_crf39.266
vvenc,Beauty,LDP,slow,crf=45,encode,600,94.157,6168.285,0.0,6168.285,20.22,37.3,0.304,/home/user/tesi/bitstreams_video/vvenc_Beauty_LDP_slow_crf45.266
vvenc,Beauty,LDP,slow,crf=45,decode,600,0.99,84.615,0.0,84.615,20.22,37.44,0.304,/home/user/tesi/bitstreams_video/vvenc_Beauty_LDP_slow_crf45.266
vvenc,Beauty,RA,faster,crf=27,encode,600,20.939,2070.644,0.0,2070.644,20.59,37.6,4.571,/home/user/tesi/bitstreams_video/vvenc_Beauty_RA_faster_crf27.266
vvenc,Beauty,RA,faster,crf=27,decode,600,1.321,126.956,0.0,126.956,20.12,37.01,4.571,/home/user/tesi/bitstreams_video/vvenc_Beauty_RA_faster_crf27.266
vvenc,Beauty,RA,faster,crf=33,encode,600,13.12,1248.991,0.0,1248.991,20.21,36.69,1.791,/home/user/tesi/bitstreams_video/vvenc_Beauty_RA_faster_crf33.266
vvenc,Beauty,RA,faster,crf=33,decode,600,1.208,112.178,0.0,112.178,20.2,36.78,1.791,/home/user/tesi/bitstreams_video/vvenc_Beauty_RA_faster_crf33.266
vvenc,Beauty,RA,faster,crf=39,encode,600,10.609,977.038,0.0,977.038,20.23,36.99,0.806,/home/user/tesi/bitstreams_video/vvenc_Beauty_RA_faster_crf39.266
vvenc,Beauty,RA,faster,crf=39,decode,600,1.134,106.023,0.0,106.023,20.29,37.41,0.806,/home/user/tesi/bitstreams_video/vvenc_Beauty_RA_faster_crf39.266
vvenc,Beauty,RA,faster,crf=45,encode,600,9.296,833.442,0.0,833.442,20.22,37.31,0.342,/home/user/tesi/bitstreams_video/vvenc_Beauty_RA_faster_crf45.266
vvenc,Beauty,RA,faster,crf=45,decode,600,1.1,101.193,0.0,101.193,20.68,37.05,0.342,/home/user/tesi/bitstreams_video/vvenc_Beauty_RA_faster_crf45.266
vvenc,Beauty,RA,slow,crf=27,encode,600,633.762,48647.03,0.0,48647.03,20.18,36.5,4.288,/home/user/tesi/bitstreams_video/vvenc_Beauty_RA_slow_crf27.266
vvenc,Beauty,RA,slow,crf=27,decode,600,1.26,121.667,0.0,121.667,20.26,38.41,4.288,/home/user/tesi/bitstreams_video/vvenc_Beauty_RA_slow_crf27.266
vvenc,Beauty,RA,slow,crf=33,encode,600,325.495,23438.309,0.0,23438.309,20.11,36.07,1.69,/home/user/tesi/bitstreams_video/vvenc_Beauty_RA_slow_crf33.266
vvenc,Beauty,RA,slow,crf=33,decode,600,1.116,104.592,0.0,104.592,20.31,37.29,1.69,/home/user/tesi/bitstreams_video/vvenc_Beauty_RA_slow_crf33.266
vvenc,Beauty,RA,slow,crf=39,encode,600,183.739,12427.797,0.0,12427.797,19.82,36.74,0.757,/home/user/tesi/bitstreams_video/vvenc_Beauty_RA_slow_crf39.266
vvenc,Beauty,RA,slow,crf=39,decode,600,1.051,96.061,0.0,96.061,20.19,36.88,0.757,/home/user/tesi/bitstreams_video/vvenc_Beauty_RA_slow_crf39.266
vvenc,Beauty,RA,slow,crf=45,encode,600,94.2,6135.152,0.0,6135.152,20.37,37.21,0.304,/home/user/tesi/bitstreams_video/vvenc_Beauty_RA_slow_crf45.266
vvenc,Beauty,RA,slow,crf=45,decode,600,0.989,83.566,0.0,83.566,20.73,37.27,0.304,/home/user/tesi/bitstreams_video/vvenc_Beauty_RA_slow_crf45.266
vvenc,Bosphorus,LDP,faster,crf=27,encode,600,19.408,1798.426,0.0,1798.426,20.23,37.17,7.34,/home/user/tesi/bitstreams_video/vvenc_Bosphorus_LDP_faster_crf27.266
vvenc,Bosphorus,LDP,faster,crf=27,decode,600,1.445,135.131,0.0,135.131,20.26,36.83,7.34,/home/user/tesi/bitstreams_video/vvenc_Bosphorus_LDP_faster_crf27.266
vvenc,Bosphorus,LDP,faster,crf=33,encode,600,13.833,1251.932,0.0,1251.932,20.17,36.95,2.846,/home/user/tesi/bitstreams_video/vvenc_Bosphorus_LDP_faster_crf33.266
vvenc,Bosphorus,LDP,faster,crf=33,decode,600,1.278,120.671,0.0,120.671,20.34,36.85,2.846,/home/user/tesi/bitstreams_video/vvenc_Bosphorus_LDP_faster_crf33.266
vvenc,Bosphorus,LDP,faster,crf=39,encode,600,11.088,993.496,0.0,993.496,20.14,37.13,1.229,/home/user/tesi/bitstreams_video/vvenc_Bosphorus_LDP_faster_crf39.266
vvenc,Bosphorus,LDP,faster,crf=39,decode,600,1.176,111.104,0.0,111.104,20.14,36.86,1.229,/home/user/tesi/bitstreams_video/vvenc_Bosphorus_LDP_faster_crf39.266
vvenc,Bosphorus,LDP,faster,crf=45,encode,600,9.39,827.306,0.0,827.306,20.29,36.98,0.528,/home/user/tesi/bitstreams_video/vvenc_Bosphorus_LDP_faster_crf45.266
vvenc,Bosphorus,LDP,faster,crf=45,decode,600,1.143,107.511,0.0,107.511,20.12,36.83,0.528,/home/user/tesi/bitstreams_video/vvenc_Bosphorus_LDP_faster_crf45.266
vvenc,Bosphorus,LDP,slow,crf=27,encode,600,686.92,47729.242,0.0,47729.242,20.1,37.06,7.561,/home/user/tesi/bitstreams_video/vvenc_Bosphorus_LDP_slow_crf27.266
vvenc,Bosphorus,LDP,slow,crf=27,decode,600,1.427,132.681,0.0,132.681,20.27,37.07,7.561,/home/user/tesi/bitstreams_video/vvenc_Bosphorus_LDP_slow_crf27.266
vvenc,Bosphorus,LDP,slow,crf=33,encode,600,416.245,26066.476,0.0,26066.476,20.14,36.74,2.915,/home/user/tesi/bitstreams_video/vvenc_Bosphorus_LDP_slow_crf33.266
vvenc,Bosphorus,LDP,slow,crf=33,decode,600,1.191,109.482,0.0,109.482,20.5,37.25,2.915,/home/user/tesi/bitstreams_video/vvenc_Bosphorus_LDP_slow_crf33.266
vvenc,Bosphorus,LDP,slow,crf=39,encode,600,260.197,15121.59,0.0,15121.59,19.95,36.87,1.263,/home/user/tesi/bitstreams_video/vvenc_Bosphorus_LDP_slow_crf39.266
vvenc,Bosphorus,LDP,slow,crf=39,decode,600,1.075,98.647,0.0,98.647,20.07,36.76,1.263,/home/user/tesi/bitstreams_video/vvenc_Bosphorus_LDP_slow_crf39.266
vvenc,Bosphorus,LDP,slow,crf=45,encode,600,142.226,8024.175,0.0,8024.175,20.43,37.03,0.492,/home/user/tesi/bitstreams_video/vvenc_Bosphorus_LDP_slow_crf45.266
vvenc,Bosphorus,LDP,slow,crf=45,decode,600,1.006,91.536,0.0,91.536,20.32,36.63,0.492,/home/user/tesi/bitstreams_video/vvenc_Bosphorus_LDP_slow_crf45.266
vvenc,Bosphorus,RA,faster,crf=27,encode,600,19.422,1808.237,0.0,1808.237,20.25,37.11,7.34,/home/user/tesi/bitstreams_video/vvenc_Bosphorus_RA_faster_crf27.266
vvenc,Bosphorus,RA,faster,crf=27,decode,600,1.44,137.454,0.0,137.454,20.25,37.0,7.34,/home/user/tesi/bitstreams_video/vvenc_Bosphorus_RA_faster_crf27.266
vvenc,Bosphorus,RA,faster,crf=33,encode,600,13.838,1260.347,0.0,1260.347,20.4,36.82,2.846,/home/user/tesi/bitstreams_video/vvenc_Bosphorus_RA_faster_crf33.266
vvenc,Bosphorus,RA,faster,crf=33,decode,600,1.274,120.452,0.0,120.452,20.38,36.61,2.846,/home/user/tesi/bitstreams_video/vvenc_Bosphorus_RA_faster_crf33.266
vvenc,Bosphorus,RA,faster,crf=39,encode,600,11.212,1005.587,0.0,1005.587,20.34,36.83,1.229,/home/user/tesi/bitstreams_video/vvenc_Bosphorus_RA_faster_crf39.266
vvenc,Bosphorus,RA,faster,crf=39,decode,600,1.193,112.475,0.0,112.475,20.35,36.79,1.229,/home/user/tesi/bitstreams_video/vvenc_Bosphorus_RA_faster_crf39.266
vvenc,Bosphorus,RA,faster,crf=45,encode,600,9.336,830.535,0.0,830.535,20.21,36.95,0.528,/home/user/tesi/bitstreams_video/vvenc_Bosphorus_RA_faster_crf45.266
vvenc,Bosphorus,RA,faster,crf=45,decode,600,1.129,107.712,0.0,107.712,20.39,36.87,0.528,/home/user/tesi/bitstreams_video/vvenc_Bosphorus_RA_faster_crf45.266
vvenc,Bosphorus,RA,slow,crf=27,encode,600,685.593,47987.944,0.0,47987.944,20.25,36.72,7.561,/home/user/tesi/bitstreams_video/vvenc_Bosphorus_RA_slow_crf27.266
vvenc,Bosphorus,RA,slow,crf=27,decode,600,1.42,133.746,0.0,133.746,20.61,36.35,7.561,/home/user/tesi/bitstreams_video/vvenc_Bosphorus_RA_slow_crf27.266
vvenc,Bosphorus,RA,slow,crf=33,encode,600,417.429,26293.675,0.0,26293.675,20.17,36.28,2.915,/home/user/tesi/bitstreams_video/vvenc_Bosphorus_RA_slow_crf33.266
vvenc,Bosphorus,RA,slow,crf=33,decode,600,1.197,110.207,0.0,110.207,20.27,36.71,2.915,/home/user/tesi/bitstreams_video/vvenc_Bosphorus_RA_slow_crf33.266
vvenc,Bosphorus,RA,slow,crf=39,encode,600,260.023,15199.021,0.0,15199.021,20.15,36.44,1.263,/home/user/tesi/bitstreams_video/vvenc_Bosphorus_RA_slow_crf39.266
vvenc,Bosphorus,RA,slow,crf=39,decode,600,1.079,98.892,0.0,98.892,21.0,37.22,1.263,/home/user/tesi/bitstreams_video/vvenc_Bosphorus_RA_slow_crf39.266
vvenc,Bosphorus,RA,slow,crf=45,encode,600,142.253,8097.706,0.0,8097.706,20.17,36.85,0.492,/home/user/tesi/bitstreams_video/vvenc_Bosphorus_RA_slow_crf45.266
vvenc,Bosphorus,RA,slow,crf=45,decode,600,1.002,91.676,0.0,91.676,20.21,36.98,0.492,/home/user/tesi/bitstreams_video/vvenc_Bosphorus_RA_slow_crf45.266
vvenc,HoneyBee,LDP,faster,crf=27,encode,600,10.637,933.262,0.0,933.262,20.32,37.3,1.609,/home/user/tesi/bitstreams_video/vvenc_HoneyBee_LDP_faster_crf27.266
vvenc,HoneyBee,LDP,faster,crf=27,decode,600,1.207,100.809,0.0,100.809,20.18,36.47,1.609,/home/user/tesi/bitstreams_video/vvenc_HoneyBee_LDP_faster_crf27.266
vvenc,HoneyBee,LDP,faster,crf=33,encode,600,8.395,729.889,0.0,729.889,20.26,36.98,0.789,/home/user/tesi/bitstreams_video/vvenc_HoneyBee_LDP_faster_crf33.266
vvenc,HoneyBee,LDP,faster,crf=33,decode,600,1.146,93.079,0.0,93.079,20.31,36.56,0.789,/home/user/tesi/bitstreams_video/vvenc_HoneyBee_LDP_faster_crf33.266
vvenc,HoneyBee,LDP,faster,crf=39,encode,600,7.676,668.058,0.0,668.058,20.21,36.66,0.469,/home/user/tesi/bitstreams_video/vvenc_HoneyBee_LDP_faster_crf39.266
vvenc,HoneyBee,LDP,faster,crf=39,decode,600,1.117,90.493,0.0,90.493,20.29,36.93,0.469,/home/user/tesi/bitstreams_video/vvenc_HoneyBee_LDP_faster_crf39.266
vvenc,HoneyBee,LDP,faster,crf=45,encode,600,7.189,623.651,0.0,623.651,20.24,36.76,0.272,/home/user/tesi/bitstreams_video/vvenc_HoneyBee_LDP_faster_crf45.266
vvenc,HoneyBee,LDP,faster,crf=45,decode,600,1.077,87.63,0.0,87.63,20.48,37.07,0.272,/home/user/tesi/bitstreams_video/vvenc_HoneyBee_LDP_faster_crf45.266
vvenc,HoneyBee,LDP,slow,crf=27,encode,600,194.653,14523.012,0.0,14523.012,20.15,36.47,1.525,/home/user/tesi/bitstreams_video/vvenc_HoneyBee_LDP_slow_crf27.266
vvenc,HoneyBee,LDP,slow,crf=27,decode,600,1.118,91.13,0.0,91.13,20.2,35.88,1.525,/home/user/tesi/bitstreams_video/vvenc_HoneyBee_LDP_slow_crf27.266
vvenc,HoneyBee,LDP,slow,crf=33,encode,600,110.545,8320.232,0.0,8320.232,20.15,36.33,0.751,/home/user/tesi/bitstreams_video/vvenc_HoneyBee_LDP_slow_crf33.266
vvenc,HoneyBee,LDP,slow,crf=33,decode,600,0.998,76.174,0.0,76.174,20.22,36.57,0.751,/home/user/tesi/bitstreams_video/vvenc_HoneyBee_LDP_slow_crf33.266
vvenc,HoneyBee,LDP,slow,crf=39,encode,600,68.723,4983.879,0.0,4983.879,20.25,36.13,0.451,/home/user/tesi/bitstreams_video/vvenc_HoneyBee_LDP_slow_crf39.266
vvenc,HoneyBee,LDP,slow,crf=39,decode,600,0.967,73.365,0.0,73.365,20.32,36.79,0.451,/home/user/tesi/bitstreams_video/vvenc_HoneyBee_LDP_slow_crf39.266
vvenc,HoneyBee,LDP,slow,crf=45,encode,600,44.869,3358.979,0.0,3358.979,20.13,36.6,0.259,/home/user/tesi/bitstreams_video/vvenc_HoneyBee_LDP_slow_crf45.266
vvenc,HoneyBee,LDP,slow,crf=45,decode,600,0.943,69.809,0.0,69.809,21.2,36.47,0.259,/home/user/tesi/bitstreams_video/vvenc_HoneyBee_LDP_slow_crf45.266
vvenc,HoneyBee,RA,faster,crf=27,encode,600,10.738,945.898,0.0,945.898,21.03,36.7,1.609,/home/user/tesi/bitstreams_video/vvenc_HoneyBee_RA_faster_crf27.266
vvenc,HoneyBee,RA,faster,crf=27,decode,600,1.222,101.171,0.0,101.171,20.33,36.66,1.609,/home/user/tesi/bitstreams_video/vvenc_HoneyBee_RA_faster_crf27.266
vvenc,HoneyBee,RA,faster,crf=33,encode,600,8.402,728.982,0.0,728.982,20.35,36.73,0.789,/home/user/tesi/bitstreams_video/vvenc_HoneyBee_RA_faster_crf33.266
vvenc,HoneyBee,RA,faster,crf=33,decode,600,1.141,93.785,0.0,93.785,20.3,36.51,0.789,/home/user/tesi/bitstreams_video/vvenc_HoneyBee_RA_faster_crf33.266
vvenc,HoneyBee,RA,faster,crf=39,encode,600,7.752,677.688,0.0,677.688,20.26,38.09,0.469,/home/user/tesi/bitstreams_video/vvenc_HoneyBee_RA_faster_crf39.266
vvenc,HoneyBee,RA,faster,crf=39,decode,600,1.107,90.212,0.0,90.212,20.24,36.52,0.469,/home/user/tesi/bitstreams_video/vvenc_HoneyBee_RA_faster_crf39.266
vvenc,HoneyBee,RA,faster,crf=45,encode,600,7.231,638.689,0.0,638.689,20.21,36.33,0.272,/home/user/tesi/bitstreams_video/vvenc_HoneyBee_RA_faster_crf45.266
vvenc,HoneyBee,RA,faster,crf=45,decode,600,1.095,88.826,0.0,88.826,20.22,36.37,0.272,/home/user/tesi/bitstreams_video/vvenc_HoneyBee_RA_faster_crf45.266
vvenc,HoneyBee,RA,slow,crf=27,encode,600,194.239,14492.566,0.0,14492.566,20.1,36.31,1.525,/home/user/tesi/bitstreams_video/vvenc_HoneyBee_RA_slow_crf27.266
vvenc,HoneyBee,RA,slow,crf=27,decode,600,1.117,91.647,0.0,91.647,20.14,37.14,1.525,/home/user/tesi/bitstreams_video/vvenc_HoneyBee_RA_slow_crf27.266
vvenc,HoneyBee,RA,slow,crf=33,encode,600,110.873,8329.604,0.0,8329.604,20.21,36.37,0.751,/home/user/tesi/bitstreams_video/vvenc_HoneyBee_RA_slow_crf33.266
vvenc,HoneyBee,RA,slow,crf=33,decode,600,1.018,76.558,0.0,76.558,20.26,37.02,0.751,/home/user/tesi/bitstreams_video/vvenc_HoneyBee_RA_slow_crf33.266
vvenc,HoneyBee,RA,slow,crf=39,encode,600,68.669,5017.224,0.0,5017.224,20.01,36.91,0.451,/home/user/tesi/bitstreams_video/vvenc_HoneyBee_RA_slow_crf39.266
vvenc,HoneyBee,RA,slow,crf=39,decode,600,0.97,73.007,0.0,73.007,20.21,36.87,0.451,/home/user/tesi/bitstreams_video/vvenc_HoneyBee_RA_slow_crf39.266
vvenc,HoneyBee,RA,slow,crf=45,encode,600,45.069,3365.416,0.0,3365.416,20.16,37.31,0.259,/home/user/tesi/bitstreams_video/vvenc_HoneyBee_RA_slow_crf45.266
vvenc,HoneyBee,RA,slow,crf=45,decode,600,0.947,70.706,0.0,70.706,20.27,36.55,0.259,/home/user/tesi/bitstreams_video/vvenc_HoneyBee_RA_slow_crf45.266
vvenc,Jockey,LDP,faster,crf=27,encode,600,18.801,1853.081,0.0,1853.081,20.2,36.8,4.958,/home/user/tesi/bitstreams_video/vvenc_Jockey_LDP_faster_crf27.266
vvenc,Jockey,LDP,faster,crf=27,decode,600,1.347,129.179,0.0,129.179,20.43,36.98,4.958,/home/user/tesi/bitstreams_video/vvenc_Jockey_LDP_faster_crf27.266
vvenc,Jockey,LDP,faster,crf=33,encode,600,13.347,1270.224,0.0,1270.224,20.43,37.09,2.335,/home/user/tesi/bitstreams_video/vvenc_Jockey_LDP_faster_crf33.266
vvenc,Jockey,LDP,faster,crf=33,decode,600,1.24,116.689,0.0,116.689,20.24,36.35,2.335,/home/user/tesi/bitstreams_video/vvenc_Jockey_LDP_faster_crf33.266
vvenc,Jockey,LDP,faster,crf=39,encode,600,11.335,1050.289,0.0,1050.289,20.35,36.77,1.211,/home/user/tesi/bitstreams_video/vvenc_Jockey_LDP_faster_crf39.266
vvenc,Jockey,LDP,faster,crf=39,decode,600,1.194,110.784,0.0,110.784,20.19,36.77,1.211,/home/user/tesi/bitstreams_video/vvenc_Jockey_LDP_faster_crf39.266
vvenc,Jockey,LDP,faster,crf=45,encode,600,9.763,866.392,0.0,866.392,20.26,36.95,0.535,/home/user/tesi/bitstreams_video/vvenc_Jockey_LDP_faster_crf45.266
vvenc,Jockey,LDP,faster,crf=45,decode,600,1.14,105.911,0.0,105.911,20.29,37.01,0.535,/home/user/tesi/bitstreams_video/vvenc_Jockey_LDP_faster_crf45.266
vvenc,Jockey,LDP,slow,crf=27,encode,600,473.764,38801.82,0.0,38801.82,20.13,36.86,4.188,/home/user/tesi/bitstreams_video/vvenc_Jockey_LDP_slow_crf27.266
vvenc,Jockey,LDP,slow,crf=27,decode,600,1.291,127.57,0.0,127.57,20.16,36.66,4.188,/home/user/tesi/bitstreams_video/vvenc_Jockey_LDP_slow_crf27.266
vvenc,Jockey,LDP,slow,crf=33,encode,600,271.348,21134.272,0.0,21134.272,20.14,36.9,1.952,/home/user/tesi/bitstreams_video/vvenc_Jockey_LDP_slow_crf33.266
vvenc,Jockey,LDP,slow,crf=33,decode,600,1.151,107.743,0.0,107.743,20.88,36.78,1.952,/home/user/tesi/bitstreams_video/vvenc_Jockey_LDP_slow_crf33.266
vvenc,Jockey,LDP,slow,crf=39,encode,600,166.904,12484.765,0.0,12484.765,20.12,37.25,1.002,/home/user/tesi/bitstreams_video/vvenc_Jockey_LDP_slow_crf39.266
vvenc,Jockey,LDP,slow,crf=39,decode,600,1.058,94.397,0.0,94.397,20.15,37.4,1.002,/home/user/tesi/bitstreams_video/vvenc_Jockey_LDP_slow_crf39.266
vvenc,Jockey,LDP,slow,crf=45,encode,600,92.878,6692.144,0.0,6692.144,20.14,37.42,0.442,/home/user/tesi/bitstreams_video/vvenc_Jockey_LDP_slow_crf45.266
vvenc,Jockey,LDP,slow,crf=45,decode,600,0.996,84.965,0.0,84.965,20.16,36.86,0.442,/home/user/tesi/bitstreams_video/vvenc_Jockey_LDP_slow_crf45.266
vvenc,Jockey,RA,faster,crf=27,encode,600,18.829,1856.186,0.0,1856.186,20.2,36.83,4.958,/home/user/tesi/bitstreams_video/vvenc_Jockey_RA_faster_crf27.266
vvenc,Jockey,RA,faster,crf=27,decode,600,1.351,130.271,0.0,130.271,20.36,36.72,4.958,/home/user/tesi/bitstreams_video/vvenc_Jockey_RA_faster_crf27.266
vvenc,Jockey,RA,faster,crf=33,encode,600,13.303,1272.289,0.0,1272.289,20.1,36.84,2.335,/home/user/tesi/bitstreams_video/vvenc_Jockey_RA_faster_crf33.266
vvenc,Jockey,RA,faster,crf=33,decode,600,1.245,117.355,0.0,117.355,20.18,36.81,2.335,/home/user/tesi/bitstreams_video/vvenc_Jockey_RA_faster_crf33.266
vvenc,Jockey,RA,faster,crf=39,encode,600,11.364,1056.716,0.0,1056.716,20.29,36.76,1.211,/home/user/tesi/bitstreams_video/vvenc_Jockey_RA_faster_crf39.266
vvenc,Jockey,RA,faster,crf=39,decode,600,1.195,110.363,0.0,110.363,20.78,37.07,1.211,/home/user/tesi/bitstreams_video/vvenc_Jockey_RA_faster_crf39.266
vvenc,Jockey,RA,faster,crf=45,encode,600,9.684,867.33,0.0,867.33,20.73,37.24,0.535,/home/user/tesi/bitstreams_video/vvenc_Jockey_RA_faster_crf45.266
vvenc,Jockey,RA,faster,crf=45,decode,600,1.148,106.912,0.0,106.912,20.25,37.01,0.535,/home/user/tesi/bitstreams_video/vvenc_Jockey_RA_faster_crf45.266
vvenc,Jockey,RA,slow,crf=27,encode,600,471.936,38737.893,0.0,38737.893,20.14,36.16,4.188,/home/user/tesi/bitstreams_video/vvenc_Jockey_RA_slow_crf27.266
vvenc,Jockey,RA,slow,crf=27,decode,600,1.293,125.858,0.0,125.858,20.01,37.03,4.188,/home/user/tesi/bitstreams_video/vvenc_Jockey_RA_slow_crf27.266
vvenc,Jockey,RA,slow,crf=33,encode,600,273.312,21122.695,0.0,21122.695,20.27,36.79,1.952,/home/user/tesi/bitstreams_video/vvenc_Jockey_RA_slow_crf33.266
vvenc,Jockey,RA,slow,crf=33,decode,600,1.139,107.762,0.0,107.762,20.36,36.87,1.952,/home/user/tesi/bitstreams_video/vvenc_Jockey_RA_slow_crf33.266
vvenc,Jockey,RA,slow,crf=39,encode,600,166.798,12463.313,0.0,12463.313,20.2,37.05,1.002,/home/user/tesi/bitstreams_video/vvenc_Jockey_RA_slow_crf39.266
vvenc,Jockey,RA,slow,crf=39,decode,600,1.059,94.659,0.0,94.659,20.22,36.65,1.002,/home/user/tesi/bitstreams_video/vvenc_Jockey_RA_slow_crf39.266
vvenc,Jockey,RA,slow,crf=45,encode,600,93.061,6712.501,0.0,6712.501,20.03,36.68,0.442,/home/user/tesi/bitstreams_video/vvenc_Jockey_RA_slow_crf45.266
vvenc,Jockey,RA,slow,crf=45,decode,600,0.999,85.138,0.0,85.138,20.27,37.1,0.442,/home/user/tesi/bitstreams_video/vvenc_Jockey_RA_slow_crf45.266
vvenc,ReadySteadyGo,LDP,faster,crf=27,encode,600,23.478,2300.634,0.0,2300.634,20.29,37.03,10.24,/home/user/tesi/bitstreams_video/vvenc_ReadySteadyGo_LDP_faster_crf27.266
vvenc,ReadySteadyGo,LDP,faster,crf=27,decode,600,1.581,150.464,0.0,150.464,20.32,37.3,10.24,/home/user/tesi/bitstreams_video/vvenc_ReadySteadyGo_LDP_faster_crf27.266
vvenc,ReadySteadyGo,LDP,faster,crf=33,encode,600,16.416,1577.784,0.0,1577.784,20.17,37.42,4.601,/home/user/tesi/bitstreams_video/vvenc_ReadySteadyGo_LDP_faster_crf33.266
vvenc,ReadySteadyGo,LDP,faster,crf=33,decode,600,1.367,128.955,0.0,128.955,20.22,36.73,4.601,/home/user/tesi/bitstreams_video/vvenc_ReadySteadyGo_LDP_faster_crf33.266
vvenc,ReadySteadyGo,LDP,faster,crf=39,encode,600,12.869,1213.998,0.0,1213.998,20.15,36.86,2.203,/home/user/tesi/bitstreams_video/vvenc_ReadySteadyGo_LDP_faster_crf39.266
vvenc,ReadySteadyGo,LDP,faster,crf=39,decode,600,1.251,117.252,0.0,117.252,20.27,37.07,2.203,/home/user/tesi/bitstreams_video/vvenc_ReadySteadyGo_LDP_faster_crf39.266
vvenc,ReadySteadyGo,LDP,faster,crf=45,encode,600,10.477,964.012,0.0,964.012,20.13,37.16,0.916,/home/user/tesi/bitstreams_video/vvenc_ReadySteadyGo_LDP_faster_crf45.266
vvenc,ReadySteadyGo,LDP,faster,crf=45,decode,600,1.164,110.549,0.0,110.549,20.69,36.97,0.916,/home/user/tesi/bitstreams_video/vvenc_ReadySteadyGo_LDP_faster_crf45.266
vvenc,ReadySteadyGo,LDP,slow,crf=33,encode,600,477.517,36722.754,0.0,36722.754,20.22,37.19,3.965,/home/user/tesi/bitstreams_video/vvenc_ReadySteadyGo_LDP_slow_crf33.266
vvenc,ReadySteadyGo,LDP,slow,crf=33,decode,600,1.281,120.961,0.0,120.961,20.17,36.59,3.965,/home/user/tesi/bitstreams_video/vvenc_ReadySteadyGo_LDP_slow_crf33.266
vvenc,ReadySteadyGo,LDP,slow,crf=39,encode,600,300.752,22133.019,0.0,22133.019,20.59,35.81,1.921,/home/user/tesi/bitstreams_video/vvenc_ReadySteadyGo_LDP_slow_crf39.266
vvenc,ReadySteadyGo,LDP,slow,crf=39,decode,600,1.143,106.438,0.0,106.438,20.33,36.75,1.921,/home/user/tesi/bitstreams_video/vvenc_ReadySteadyGo_LDP_slow_crf39.266
vvenc,ReadySteadyGo,LDP,slow,crf=45,encode,600,170.592,11824.648,0.0,11824.648,20.15,36.58,0.785,/home/user/tesi/bitstreams_video/vvenc_ReadySteadyGo_LDP_slow_crf45.266
vvenc,ReadySteadyGo,LDP,slow,crf=45,decode,600,1.043,93.184,0.0,93.184,20.2,36.75,0.785,/home/user/tesi/bitstreams_video/vvenc_ReadySteadyGo_LDP_slow_crf45.266
vvenc,ReadySteadyGo,RA,faster,crf=27,encode,600,23.517,2290.642,0.0,2290.642,20.26,36.79,10.24,/home/user/tesi/bitstreams_video/vvenc_ReadySteadyGo_RA_faster_crf27.266
vvenc,ReadySteadyGo,RA,faster,crf=27,decode,600,1.619,151.618,0.0,151.618,20.48,36.73,10.24,/home/user/tesi/bitstreams_video/vvenc_ReadySteadyGo_RA_faster_crf27.266
vvenc,ReadySteadyGo,RA,faster,crf=33,encode,600,16.394,1570.304,0.0,1570.304,20.41,36.56,4.601,/home/user/tesi/bitstreams_video/vvenc_ReadySteadyGo_RA_faster_crf33.266
vvenc,ReadySteadyGo,RA,faster,crf=33,decode,600,1.359,128.933,0.0,128.933,20.26,36.84,4.601,/home/user/tesi/bitstreams_video/vvenc_ReadySteadyGo_RA_faster_crf33.266
vvenc,ReadySteadyGo,RA,faster,crf=39,encode,600,12.99,1219.97,0.0,1219.97,20.2,38.12,2.203,/home/user/tesi/bitstreams_video/vvenc_ReadySteadyGo_RA_faster_crf39.266
vvenc,ReadySteadyGo,RA,faster,crf=39,decode,600,1.26,117.786,0.0,117.786,20.4,36.62,2.203,/home/user/tesi/bitstreams_video/vvenc_ReadySteadyGo_RA_faster_crf39.266
vvenc,ReadySteadyGo,RA,faster,crf=45,encode,600,10.557,972.872,0.0,972.872,20.17,36.79,0.916,/home/user/tesi/bitstreams_video/vvenc_ReadySteadyGo_RA_faster_crf45.266
vvenc,ReadySteadyGo,RA,faster,crf=45,decode,600,1.177,111.162,0.0,111.162,20.39,36.6,0.916,/home/user/tesi/bitstreams_video/vvenc_ReadySteadyGo_RA_faster_crf45.266
vvenc,ReadySteadyGo,RA,slow,crf=33,encode,600,474.071,36608.585,0.0,36608.585,20.17,37.23,3.965,/home/user/tesi/bitstreams_video/vvenc_ReadySteadyGo_RA_slow_crf33.266
vvenc,ReadySteadyGo,RA,slow,crf=33,decode,600,1.275,119.723,0.0,119.723,20.38,37.5,3.965,/home/user/tesi/bitstreams_video/vvenc_ReadySteadyGo_RA_slow_crf33.266
vvenc,ReadySteadyGo,RA,slow,crf=39,encode,600,301.432,22341.492,0.0,22341.492,20.1,36.94,1.921,/home/user/tesi/bitstreams_video/vvenc_ReadySteadyGo_RA_slow_crf39.266
vvenc,ReadySteadyGo,RA,slow,crf=39,decode,600,1.146,106.389,0.0,106.389,20.38,36.95,1.921,/home/user/tesi/bitstreams_video/vvenc_ReadySteadyGo_RA_slow_crf39.266
vvenc,ReadySteadyGo,RA,slow,crf=45,encode,600,170.048,11829.897,0.0,11829.897,20.09,36.93,0.785,/home/user/tesi/bitstreams_video/vvenc_ReadySteadyGo_RA_slow_crf45.266
vvenc,ReadySteadyGo,RA,slow,crf=45,decode,600,1.039,92.401,0.0,92.401,21.05,37.34,0.785,/home/user/tesi/bitstreams_video/vvenc_ReadySteadyGo_RA_slow_crf45.266
vvenc,ShakeNDry,LDP,faster,crf=27,encode,300,13.565,1387.487,0.0,1387.487,20.32,37.04,13.311,/home/user/tesi/bitstreams_video/vvenc_ShakeNDry_LDP_faster_crf27.266
vvenc,ShakeNDry,LDP,faster,crf=27,decode,300,0.869,73.264,0.0,73.264,20.27,36.8,13.311,/home/user/tesi/bitstreams_video/vvenc_ShakeNDry_LDP_faster_crf27.266
vvenc,ShakeNDry,LDP,faster,crf=33,encode,300,7.357,692.727,0.0,692.727,20.34,37.23,3.754,/home/user/tesi/bitstreams_video/vvenc_ShakeNDry_LDP_faster_crf33.266
vvenc,ShakeNDry,LDP,faster,crf=33,decode,300,0.71,56.707,0.0,56.707,20.34,37.12,3.754,/home/user/tesi/bitstreams_video/vvenc_ShakeNDry_LDP_faster_crf33.266
vvenc,ShakeNDry,LDP,faster,crf=39,encode,300,5.02,441.573,0.0,441.573,20.21,37.15,1.184,/home/user/tesi/bitstreams_video/vvenc_ShakeNDry_LDP_faster_crf39.266
vvenc,ShakeNDry,LDP,faster,crf=39,decode,300,0.647,48.925,0.0,48.925,20.23,37.68,1.184,/home/user/tesi/bitstreams_video/vvenc_ShakeNDry_LDP_faster_crf39.266
vvenc,ShakeNDry,LDP,faster,crf=45,encode,300,4.406,380.429,0.0,380.429,20.17,37.76,0.533,/home/user/tesi/bitstreams_video/vvenc_ShakeNDry_LDP_faster_crf45.266
vvenc,ShakeNDry,LDP,faster,crf=45,decode,300,0.62,45.529,0.0,45.529,20.22,37.42,0.533,/home/user/tesi/bitstreams_video/vvenc_ShakeNDry_LDP_faster_crf45.266
vvenc,ShakeNDry,LDP,slow,crf=27,encode,300,361.81,33188.955,0.0,33188.955,20.33,37.01,13.042,/home/user/tesi/bitstreams_video/vvenc_ShakeNDry_LDP_slow_crf27.266
vvenc,ShakeNDry,LDP,slow,crf=27,decode,300,0.851,72.803,0.0,72.803,20.33,36.78,13.042,/home/user/tesi/bitstreams_video/vvenc_ShakeNDry_LDP_slow_crf27.266
vvenc,ShakeNDry,LDP,slow,crf=33,encode,300,185.342,15544.007,0.0,15544.007,20.28,36.94,3.9,/home/user/tesi/bitstreams_video/vvenc_ShakeNDry_LDP_slow_crf33.266
vvenc,ShakeNDry,LDP,slow,crf=33,decode,300,0.672,52.252,0.0,52.252,20.5,37.25,3.9,/home/user/tesi/bitstreams_video/vvenc_ShakeNDry_LDP_slow_crf33.266
vvenc,ShakeNDry,LDP,slow,crf=39,encode,300,84.455,6188.016,0.0,6188.016,20.68,36.8,1.197,/home/user/tesi/bitstreams_video/vvenc_ShakeNDry_LDP_slow_crf39.266
vvenc,ShakeNDry,LDP,slow,crf=39,decode,300,0.577,40.838,0.0,40.838,20.2,37.1,1.197,/home/user/tesi/bitstreams_video/vvenc_ShakeNDry_LDP_slow_crf39.266
vvenc,ShakeNDry,LDP,slow,crf=45,encode,300,46.145,3180.036,0.0,3180.036,20.11,36.94,0.516,/home/user/tesi/bitstreams_video/vvenc_ShakeNDry_LDP_slow_crf45.266
vvenc,ShakeNDry,LDP,slow,crf=45,decode,300,0.542,36.101,0.0,36.101,20.28,37.19,0.516,/home/user/tesi/bitstreams_video/vvenc_ShakeNDry_LDP_slow_crf45.266
vvenc,ShakeNDry,RA,faster,crf=27,encode,300,13.562,1389.432,0.0,1389.432,20.33,37.06,13.311,/home/user/tesi/bitstreams_video/vvenc_ShakeNDry_RA_faster_crf27.266
vvenc,ShakeNDry,RA,faster,crf=27,decode,300,0.855,72.932,0.0,72.932,20.2,37.22,13.311,/home/user/tesi/bitstreams_video/vvenc_ShakeNDry_RA_faster_crf27.266
vvenc,ShakeNDry,RA,faster,crf=33,encode,300,7.314,701.883,0.0,701.883,20.35,37.09,3.754,/home/user/tesi/bitstreams_video/vvenc_ShakeNDry_RA_faster_crf33.266
vvenc,ShakeNDry,RA,faster,crf=33,decode,300,0.715,57.403,0.0,57.403,20.11,37.34,3.754,/home/user/tesi/bitstreams_video/vvenc_ShakeNDry_RA_faster_crf33.266
vvenc,ShakeNDry,RA,faster,crf=39,encode,300,5.193,454.64,0.0,454.64,20.47,37.03,1.184,/home/user/tesi/bitstreams_video/vvenc_ShakeNDry_RA_faster_crf39.266
vvenc,ShakeNDry,RA,faster,crf=39,decode,300,0.635,48.252,0.0,48.252,20.27,37.26,1.184,/home/user/tesi/bitstreams_video/vvenc_ShakeNDry_RA_faster_crf39.266
vvenc,ShakeNDry,RA,faster,crf=45,encode,300,4.258,366.126,0.0,366.126,20.13,37.05,0.533,/home/user/tesi/bitstreams_video/vvenc_ShakeNDry_RA_faster_crf45.266
vvenc,ShakeNDry,RA,faster,crf=45,decode,300,0.61,45.315,0.0,45.315,20.41,37.06,0.533,/home/user/tesi/bitstreams_video/vvenc_ShakeNDry_RA_faster_crf45.266
vvenc,ShakeNDry,RA,slow,crf=27,encode,300,365.115,33312.332,0.0,33312.332,20.21,36.77,13.042,/home/user/tesi/bitstreams_video/vvenc_ShakeNDry_RA_slow_crf27.266
vvenc,ShakeNDry,RA,slow,crf=27,decode,300,0.851,73.827,0.0,73.827,20.29,37.22,13.042,/home/user/tesi/bitstreams_video/vvenc_ShakeNDry_RA_slow_crf27.266
vvenc,ShakeNDry,RA,slow,crf=33,encode,300,185.358,15554.942,0.0,15554.942,20.24,36.89,3.9,/home/user/tesi/bitstreams_video/vvenc_ShakeNDry_RA_slow_crf33.266
vvenc,ShakeNDry,RA,slow,crf=33,decode,300,0.672,52.58,0.0,52.58,20.36,37.1,3.9,/home/user/tesi/bitstreams_video/vvenc_ShakeNDry_RA_slow_crf33.266
vvenc,ShakeNDry,RA,slow,crf=39,encode,300,84.121,6230.503,0.0,6230.503,20.09,36.36,1.197,/home/user/tesi/bitstreams_video/vvenc_ShakeNDry_RA_slow_crf39.266
vvenc,ShakeNDry,RA,slow,crf=39,decode,300,0.58,40.626,0.0,40.626,20.85,36.81,1.197,/home/user/tesi/bitstreams_video/vvenc_ShakeNDry_RA_slow_crf39.266
vvenc,ShakeNDry,RA,slow,crf=45,encode,300,46.016,3182.478,0.0,3182.478,20.08,36.64,0.516,/home/user/tesi/bitstreams_video/vvenc_ShakeNDry_RA_slow_crf45.266
vvenc,ShakeNDry,RA,slow,crf=45,decode,300,0.532,36.341,0.0,36.341,20.25,36.97,0.516,/home/user/tesi/bitstreams_video/vvenc_ShakeNDry_RA_slow_crf45.266
vvenc,YachtRide,LDP,faster,crf=27,encode,600,32.516,3314.391,0.0,3314.391,20.32,36.73,19.36,/home/user/tesi/bitstreams_video/vvenc_YachtRide_LDP_faster_crf27.266
vvenc,YachtRide,LDP,faster,crf=27,decode,600,1.826,189.795,0.0,189.795,20.28,37.14,19.36,/home/user/tesi/bitstreams_video/vvenc_YachtRide_LDP_faster_crf27.266
vvenc,YachtRide,LDP,faster,crf=33,encode,600,19.623,1895.316,0.0,1895.316,20.25,36.73,6.48,/home/user/tesi/bitstreams_video/vvenc_YachtRide_LDP_faster_crf33.266
vvenc,YachtRide,LDP,faster,crf=33,decode,600,1.446,144.222,0.0,144.222,20.15,36.77,6.48,/home/user/tesi/bitstreams_video/vvenc_YachtRide_LDP_faster_crf33.266
vvenc,YachtRide,LDP,faster,crf=39,encode,600,13.569,1256.33,0.0,1256.33,20.2,37.15,2.268,/home/user/tesi/bitstreams_video/vvenc_YachtRide_LDP_faster_crf39.266
vvenc,YachtRide,LDP,faster,crf=39,decode,600,1.258,124.224,0.0,124.224,20.14,37.16,2.268,/home/user/tesi/bitstreams_video/vvenc_YachtRide_LDP_faster_crf39.266
vvenc,YachtRide,LDP,faster,crf=45,encode,600,10.774,960.769,0.0,960.769,20.18,37.56,0.87,/home/user/tesi/bitstreams_video/vvenc_YachtRide_LDP_faster_crf45.266
vvenc,YachtRide,LDP,faster,crf=45,decode,600,1.175,114.048,0.0,114.048,20.21,37.23,0.87,/home/user/tesi/bitstreams_video/vvenc_YachtRide_LDP_faster_crf45.266
vvenc,YachtRide,LDP,slow,crf=39,encode,600,357.681,27636.006,0.0,27636.006,18.55,25.97,2.282,/home/user/tesi/bitstreams_video/vvenc_YachtRide_LDP_slow_crf39.266
vvenc,YachtRide,LDP,slow,crf=39,decode,600,1.197,120.648,0.0,120.648,18.42,29.8,2.282,/home/user/tesi/bitstreams_video/vvenc_YachtRide_LDP_slow_crf39.266
vvenc,YachtRide,LDP,slow,crf=45,encode,600,201.195,13088.835,0.0,13088.835,18.75,26.07,0.818,/home/user/tesi/bitstreams_video/vvenc_YachtRide_LDP_slow_crf45.266
vvenc,YachtRide,LDP,slow,crf=45,decode,600,1.072,103.555,0.0,103.555,18.6,29.0,0.818,/home/user/tesi/bitstreams_video/vvenc_YachtRide_LDP_slow_crf45.266
vvenc,YachtRide,RA,faster,crf=27,encode,600,32.37,3344.508,0.0,3344.508,18.57,28.75,19.36,/home/user/tesi/bitstreams_video/vvenc_YachtRide_RA_faster_crf27.266
vvenc,YachtRide,RA,faster,crf=27,decode,600,1.836,192.973,0.0,192.973,18.79,28.84,19.36,/home/user/tesi/bitstreams_video/vvenc_YachtRide_RA_faster_crf27.266
vvenc,YachtRide,RA,faster,crf=33,encode,600,19.569,1935.912,0.0,1935.912,18.57,28.72,6.48,/home/user/tesi/bitstreams_video/vvenc_YachtRide_RA_faster_crf33.266
vvenc,YachtRide,RA,faster,crf=33,decode,600,1.43,145.013,0.0,145.013,19.22,28.23,6.48,/home/user/tesi/bitstreams_video/vvenc_YachtRide_RA_faster_crf33.266
vvenc,YachtRide,RA,faster,crf=39,encode,600,13.495,1273.799,0.0,1273.799,18.71,28.51,2.268,/home/user/tesi/bitstreams_video/vvenc_YachtRide_RA_faster_crf39.266
vvenc,YachtRide,RA,faster,crf=39,decode,600,1.253,125.64,0.0,125.64,18.72,28.75,2.268,/home/user/tesi/bitstreams_video/vvenc_YachtRide_RA_faster_crf39.266
vvenc,YachtRide,RA,faster,crf=45,encode,600,10.726,965.584,0.0,965.584,18.66,28.29,0.87,/home/user/tesi/bitstreams_video/vvenc_YachtRide_RA_faster_crf45.266
vvenc,YachtRide,RA,faster,crf=45,decode,600,1.171,116.635,0.0,116.635,18.58,28.82,0.87,/home/user/tesi/bitstreams_video/vvenc_YachtRide_RA_faster_crf45.266
vvenc,YachtRide,RA,slow,crf=39,encode,600,356.863,27572.08,0.0,27572.08,18.65,26.11,2.282,/home/user/tesi/bitstreams_video/vvenc_YachtRide_RA_slow_crf39.266
vvenc,YachtRide,RA,slow,crf=39,decode,600,1.205,118.807,0.0,118.807,19.15,29.15,2.282,/home/user/tesi/bitstreams_video/vvenc_YachtRide_RA_slow_crf39.266
vvenc,YachtRide,RA,slow,crf=45,encode,600,200.44,13075.489,0.0,13075.489,18.54,26.24,0.818,/home/user/tesi/bitstreams_video/vvenc_YachtRide_RA_slow_crf45.266
vvenc,YachtRide,RA,slow,crf=45,decode,600,1.072,103.6,0.0,103.6,18.54,29.12,0.818,/home/user/tesi/bitstreams_video/vvenc_YachtRide_RA_slow_crf45.266
vvenc,ReadySteadyGo,LDP,slow,crf=27,encode,600,745.648,60961.452,0.0,60961.452,20.52,38.65,8.722,/home/user/tesi/bitstreams_video/vvenc_ReadySteadyGo_LDP_slow_crf27.266
vvenc,ReadySteadyGo,LDP,slow,crf=27,decode,600,1.536,318.385,0.0,318.385,20.1,37.5,8.722,/home/user/tesi/bitstreams_video/vvenc_ReadySteadyGo_LDP_slow_crf27.266
vvenc,ReadySteadyGo,RA,slow,crf=27,encode,600,745.954,61051.112,0.0,61051.112,20.17,36.84,8.722,/home/user/tesi/bitstreams_video/vvenc_ReadySteadyGo_RA_slow_crf27.266
vvenc,ReadySteadyGo,RA,slow,crf=27,decode,600,1.528,318.113,0.0,318.113,20.41,36.37,8.722,/home/user/tesi/bitstreams_video/vvenc_ReadySteadyGo_RA_slow_crf27.266
vvenc,YachtRide,LDP,slow,crf=27,encode,600,1268.878,112256.609,0.0,112256.609,20.13,36.26,19.15,/home/user/tesi/bitstreams_video/vvenc_YachtRide_LDP_slow_crf27.266
vvenc,YachtRide,LDP,slow,crf=27,decode,600,1.882,361.76,0.0,361.76,20.61,37.08,19.15,/home/user/tesi/bitstreams_video/vvenc_YachtRide_LDP_slow_crf27.266
vvenc,YachtRide,LDP,slow,crf=33,encode,600,701.574,57412.577,0.0,57412.577,20.14,35.87,6.619,/home/user/tesi/bitstreams_video/vvenc_YachtRide_LDP_slow_crf33.266
vvenc,YachtRide,LDP,slow,crf=33,decode,600,1.43,316.397,0.0,316.397,20.4,37.62,6.619,/home/user/tesi/bitstreams_video/vvenc_YachtRide_LDP_slow_crf33.266
vvenc,YachtRide,RA,slow,crf=27,encode,600,1255.094,112033.797,0.0,112033.797,20.13,37.33,19.15,/home/user/tesi/bitstreams_video/vvenc_YachtRide_RA_slow_crf27.266
vvenc,YachtRide,RA,slow,crf=27,decode,600,1.885,358.057,0.0,358.057,20.36,36.64,19.15,/home/user/tesi/bitstreams_video/vvenc_YachtRide_RA_slow_crf27.266
vvenc,YachtRide,RA,slow,crf=33,encode,600,699.918,57205.589,0.0,57205.589,20.27,36.11,6.619,/home/user/tesi/bitstreams_video/vvenc_YachtRide_RA_slow_crf33.266
vvenc,YachtRide,RA,slow,crf=33,decode,600,1.429,319.071,0.0,319.071,20.18,36.7,6.619,/home/user/tesi/bitstreams_video/vvenc_YachtRide_RA_slow_crf33.266
