image,dataset,winner_codec,winner_param,winner_bpp,winner_psnr,winner_lpips,winner_enc_ms,jpeg_lpips,hevc_lpips,balle_lpips,cheng_lpips,note
/home/user/tesi/datasets/kodak/kodim01.png,kodak,Balle2018,2,0.3357,26.8699,0.2893,35.6,0.0071,0.1165,0.029,0.0257,
/home/user/tesi/datasets/kodak/kodim02.png,kodak,JPEG,30,0.4752,31.3685,0.175,22.7,0.0153,0.1484,0.12,0.091,
/home/user/tesi/datasets/kodak/kodim03.png,kodak,JPEG,30,0.448,32.8613,0.1321,19.1,0.0174,0.1107,0.1502,0.0815,
/home/user/tesi/datasets/kodak/kodim04.png,kodak,Balle2018,4,0.3346,33.4579,0.2247,12.7,0.0165,0.1672,0.1184,0.1053,
/home/user/tesi/datasets/kodak/kodim05.png,kodak,Balle2018,2,0.383,26.7814,0.1797,12.3,0.0069,0.0655,0.0174,0.0151,
/home/user/tesi/datasets/kodak/kodim06.png,kodak,Balle2018,2,0.2409,27.8611,0.2871,12.2,0.0125,0.1239,0.0599,0.054,
/home/user/tesi/datasets/kodak/kodim07.png,kodak,Balle2018,4,0.3545,34.8278,0.0834,12.3,0.0121,0.066,0.0482,0.042,
/home/user/tesi/datasets/kodak/kodim08.png,kodak,Balle2018,2,0.4048,26.1066,0.2053,12.2,0.0068,0.0863,0.0256,0.0233,
/home/user/tesi/datasets/kodak/kodim09.png,kodak,Balle2018,4,0.276,35.083,0.1762,12.1,0.0232,0.1678,0.1455,0.1342,
/home/user/tesi/datasets/kodak/kodim10.png,kodak,Balle2018,4,0.2996,34.6138,0.1925,12.6,0.0147,0.1554,0.1251,0.1022,
/home/user/tesi/datasets/kodak/kodim11.png,kodak,Balle2018,4,0.4794,32.2662,0.1779,12.8,0.0129,0.1396,0.0688,0.0608,
/home/user/tesi/datasets/kodak/kodim12.png,kodak,JPEG,30,0.4729,32.8052,0.1373,22.3,0.0151,0.1659,0.1204,0.1004,
/home/user/tesi/datasets/kodak/kodim13.png,kodak,Balle2018,2,0.4093,24.3722,0.4271,13.7,0.0176,0.1475,0.0288,0.0331,
/home/user/tesi/datasets/kodak/kodim14.png,kodak,Balle2018,2,0.2588,27.5778,0.374,12.0,0.0149,0.1668,0.0603,0.0485,
/home/user/tesi/datasets/kodak/kodim15.png,kodak,JPEG,30,0.4991,31.5272,0.1457,22.2,0.0132,0.1253,0.0876,0.0835,
/home/user/tesi/datasets/kodak/kodim16.png,kodak,Balle2018,4,0.3537,33.4566,0.205,13.1,0.0192,0.1764,0.1024,0.0869,
/home/user/tesi/datasets/kodak/kodim17.png,kodak,Balle2018,4,0.3246,33.9005,0.1749,12.4,0.0153,0.1632,0.0995,0.0934,
/home/user/tesi/datasets/kodak/kodim18.png,kodak,Balle2018,2,0.2664,27.0942,0.3341,12.2,0.0148,0.14,0.0779,0.0728,
/home/user/tesi/datasets/kodak/kodim19.png,kodak,Balle2018,4,0.4233,32.6838,0.2373,12.5,0.0222,0.2076,0.1294,0.1257,
/home/user/tesi/datasets/kodak/kodim20.png,kodak,JPEG,30,0.4676,31.9599,0.1051,20.5,0.0137,0.0915,0.044,0.0416,
/home/user/tesi/datasets/kodak/kodim21.png,kodak,Balle2018,2,0.2241,28.5937,0.3032,12.6,0.0245,0.1858,0.1286,0.1226,
/home/user/tesi/datasets/kodak/kodim22.png,kodak,Balle2018,4,0.4715,32.0788,0.2153,12.4,0.0178,0.1527,0.0907,0.0797,
/home/user/tesi/datasets/kodak/kodim23.png,kodak,Balle2018,6,0.4084,38.6748,0.1136,18.6,0.0131,0.1137,0.1136,0.1044,
/home/user/tesi/datasets/kodak/kodim24.png,kodak,Balle2018,2,0.2747,26.7553,0.3037,12.8,0.0127,0.1122,0.049,0.0361,
/home/user/tesi/datasets/clic2020/train/abigail-keenan-27293.png,clic_train,Balle2018,4,0.318,32.9253,0.3218,70.9,0.0285,0.2787,0.1578,0.175,
/home/user/tesi/datasets/clic2020/train/adam-przewoski-193.png,clic_train,Balle2018,6,0.3378,40.4517,0.0933,69.1,0.0069,0.1398,0.0933,0.0873,
/home/user/tesi/datasets/clic2020/train/adam-willoughby-knox-56406.png,clic_train,Balle2018,2,0.2465,29.0458,0.1994,67.5,0.0222,0.093,0.0652,0.0728,
/home/user/tesi/datasets/clic2020/train/afroz-nawaf-323.png,clic_train,Balle2018,4,0.4351,32.8682,0.2224,72.3,0.0268,0.1344,0.1439,0.1129,
/home/user/tesi/datasets/clic2020/train/alberto-restifo-4549.png,clic_train,Balle2018,6,0.3819,39.1809,0.1155,114.4,0.0217,0.0997,0.1155,0.0974,
/home/user/tesi/datasets/clic2020/train/alec-weir-22151.png,clic_train,Balle2018,4,0.4023,33.8995,0.0593,53.3,0.0093,0.0506,0.0593,0.0359,
/home/user/tesi/datasets/clic2020/train/alejandro-escamilla-1.png,clic_train,Balle2018,6,0.1979,42.5404,0.0716,111.7,0.0127,0.069,0.0716,0.0667,
/home/user/tesi/datasets/clic2020/train/alejandro-escamilla-10.png,clic_train,Balle2018,6,0.1916,42.1295,0.0677,114.0,0.0127,0.0493,0.0677,0.0633,
/home/user/tesi/datasets/clic2020/train/alejandro-escamilla-2.png,clic_train,Balle2018,6,0.1821,42.3051,0.0876,110.6,0.0129,0.0729,0.0876,0.0826,
/home/user/tesi/datasets/clic2020/train/alejandro-escamilla-23.png,clic_train,Balle2018,2,0.1963,28.4097,0.5347,84.9,0.0381,0.3295,0.1682,0.1626,
/home/user/tesi/datasets/clic2020/train/alejandro-escamilla-25.png,clic_train,Balle2018,2,0.2302,28.2132,0.2809,41.9,0.0223,0.0879,0.0564,0.0394,
/home/user/tesi/datasets/clic2020/train/aleks-dorohovich-26.png,clic_train,Balle2018,4,0.1914,36.8504,0.1863,58.4,0.0156,0.1563,0.1863,0.1549,
/home/user/tesi/datasets/clic2020/train/aleks-dorohovich-38.png,clic_train,Balle2018,2,0.318,8.4223,0.6857,66.3,0.0147,0.0832,0.6857,0.0349,
/home/user/tesi/datasets/clic2020/train/aleksandra-boguslawska-288.png,clic_train,Balle2018,2,0.3091,25.6027,0.5331,69.6,0.0299,0.2373,0.1869,0.1887,
/home/user/tesi/datasets/clic2020/train/aleksi-tappura-445.png,clic_train,Balle2018,4,0.1499,32.8162,0.5931,69.2,0.0204,0.4092,0.1261,0.1827,
/home/user/tesi/datasets/clic2020/train/ales-krivec-1211.png,clic_train,Balle2018,2,0.2931,27.0747,0.1984,70.6,0.0188,0.0938,0.066,0.0558,
/home/user/tesi/datasets/clic2020/train/ales-krivec-2051.png,clic_train,Balle2018,2,0.3467,27.1694,0.2657,69.4,0.0258,0.13,0.0514,0.048,
/home/user/tesi/datasets/clic2020/train/ales-krivec-26511.png,clic_train,Balle2018,4,0.4012,32.9513,0.2018,73.7,0.0265,0.148,0.103,0.0902,
/home/user/tesi/datasets/clic2020/train/ales-krivec-2892.png,clic_train,Balle2018,2,0.3524,25.9643,0.3967,72.1,0.0259,0.126,0.0628,0.0546,
/home/user/tesi/datasets/clic2020/train/ales-krivec-3727.png,clic_train,Balle2018,2,0.3124,26.5856,0.4,71.6,0.023,0.1684,0.0804,0.0616,
/home/user/tesi/datasets/clic2020/train/ales-krivec-3728.png,clic_train,Balle2018,2,0.2889,26.9113,0.1571,70.6,0.0178,0.0582,0.0296,0.0288,
/home/user/tesi/datasets/clic2020/train/ales-krivec-434.png,clic_train,Balle2018,4,0.4508,32.5833,0.2196,72.7,0.0201,0.1953,0.1089,0.0892,
/home/user/tesi/datasets/clic2020/train/ales-krivec-731.png,clic_train,Balle2018,4,0.3809,33.1994,0.221,71.2,0.0216,0.1579,0.1069,0.0889,
/home/user/tesi/datasets/clic2020/train/alex-siale-95113.png,clic_train,Balle2018,2,0.231,27.0466,0.4136,70.7,0.0192,0.1251,0.0457,0.0412,
/home/user/tesi/datasets/clic2020/train/alex-talmon-192.png,clic_train,Balle2018,2,0.2412,27.0086,0.3779,31.9,0.0178,0.1573,0.075,0.075,
/home/user/tesi/datasets/clic2020/train/alex-wong-17993.png,clic_train,Balle2018,2,0.2977,27.5231,0.0883,71.2,0.0172,0.0416,0.0367,0.0306,
/home/user/tesi/datasets/clic2020/train/alex-wong-17997.png,clic_train,Balle2018,6,0.4567,37.8944,0.0734,114.2,0.0145,0.0844,0.0734,0.0698,
/home/user/tesi/datasets/clic2020/train/alexander-dimitrov-5583.png,clic_train,Balle2018,4,0.137,36.7655,0.301,58.3,0.0369,0.2527,0.301,0.2098,
/home/user/tesi/datasets/clic2020/train/alexander-rotker-107460.png,clic_train,Balle2018,2,0.1769,8.8867,0.8705,60.4,0.0192,0.2069,0.8705,0.1698,
/home/user/tesi/datasets/clic2020/train/alexander-schwarz-660.png,clic_train,Balle2018,6,0.4527,37.9316,0.2184,113.3,0.0325,0.2205,0.2184,0.1907,
/home/user/tesi/datasets/clic2020/train/alexander-shustov-63.png,clic_train,Balle2018,6,0.2306,41.8713,0.0651,112.5,0.0163,0.0527,0.0651,0.0608,
/home/user/tesi/datasets/clic2020/train/alexander-shustov-69.png,clic_train,Balle2018,6,0.272,41.4392,0.0882,110.7,0.0123,0.094,0.0882,0.0842,
/home/user/tesi/datasets/clic2020/train/alexandre-perotto-45492.png,clic_train,Balle2018,4,0.292,33.5968,0.1458,70.4,0.0298,0.077,0.0935,0.0741,
/home/user/tesi/datasets/clic2020/train/alexandre-perotto-75274.png,clic_train,Balle2018,2,0.3002,27.495,0.3349,69.7,0.0229,0.1078,0.0738,0.0563,
/home/user/tesi/datasets/clic2020/train/ali-inay-2273.png,clic_train,Balle2018,2,0.2933,27.2666,0.242,69.0,0.0131,0.1083,0.0479,0.0395,
/home/user/tesi/datasets/clic2020/train/ali-inay-2277.png,clic_train,Balle2018,2,0.309,27.0459,0.3467,69.5,0.0183,0.196,0.0616,0.053,
/home/user/tesi/datasets/clic2020/train/amar-yashlaha-122277.png,clic_train,Balle2018,2,0.1739,25.8422,0.7086,59.5,0.0268,0.3019,0.7086,0.0724,
/home/user/tesi/datasets/clic2020/train/ambitious-creative-co-rick-barrett-110145 (1).png,clic_train,Balle2018,4,0.2822,34.915,0.0601,70.9,0.0106,0.0425,0.0446,0.0407,
/home/user/tesi/datasets/clic2020/train/anders-jilden-89745.png,clic_train,Balle2018,6,0.395,39.3469,0.0203,114.9,0.0102,0.0257,0.0203,0.0173,
/home/user/tesi/datasets/clic2020/train/andre-koch-188.png,clic_train,Balle2018,2,0.393,24.1416,0.4461,66.3,0.0302,0.1699,0.4461,0.087,
/home/user/tesi/datasets/clic2020/train/andre-robillard-298.png,clic_train,Balle2018,6,0.4745,38.4892,0.0663,109.7,0.0156,0.0801,0.0663,0.0616,
/home/user/tesi/datasets/clic2020/train/andre-spieker-238.png,clic_train,Balle2018,6,0.455,38.9581,0.1757,79.4,0.0213,0.2876,0.1757,0.1662,
/home/user/tesi/datasets/clic2020/train/andrea-boldizsar-183.png,clic_train,Balle2018,2,0.2436,27.6999,0.3254,38.6,0.0185,0.1605,0.0982,0.0893,
/home/user/tesi/datasets/clic2020/train/andrew-coelho-46449.png,clic_train,Balle2018,2,0.2543,26.392,0.4519,69.5,0.0328,0.1176,0.0774,0.0649,
/home/user/tesi/datasets/clic2020/train/andrew-collins-1612.png,clic_train,Balle2018,2,0.3097,26.7493,0.3819,39.2,0.0274,0.1619,0.0525,0.048,
/home/user/tesi/datasets/clic2020/train/andrew-neel-133200.png,clic_train,Balle2018,2,0.2946,26.3235,0.4792,70.2,0.0274,0.2352,0.0659,0.0752,
/home/user/tesi/datasets/clic2020/train/andrew-neel-178721.png,clic_train,Balle2018,4,0.2552,32.3399,0.5648,69.9,0.0509,0.4121,0.2302,0.2391,
/home/user/tesi/datasets/clic2020/train/angela-benito-3184.png,clic_train,HEVC,45,0.2148,18.2572,0.6136,893.8,0.0106,0.0681,0.2209,0.0365,FALLBACK_MIN_BPP
/home/user/tesi/datasets/clic2020/train/angelina-odemchuk-180.png,clic_train,Balle2018,6,0.4963,38.8553,0.1172,32.8,0.011,0.1883,0.1172,0.0992,
/home/user/tesi/datasets/clic2020/train/anna-anikina-31537.png,clic_train,Balle2018,2,0.4144,24.2311,0.2291,86.0,0.0194,0.0801,0.0321,0.0345,
/home/user/tesi/datasets/clic2020/train/anna-popovic-56025.png,clic_train,Balle2018,2,0.3093,8.0362,0.6501,55.6,0.0136,0.17,0.5837,0.0486,
/home/user/tesi/datasets/clic2020/train/annie-spratt-42051.png,clic_train,Balle2018,2,0.2531,26.7306,0.3925,70.7,0.0089,0.1418,0.0387,0.0338,
/home/user/tesi/datasets/clic2020/train/annie-spratt-44241.png,clic_train,Balle2018,6,0.1919,41.7419,0.1349,107.4,0.0129,0.1368,0.1349,0.1277,
/home/user/tesi/datasets/clic2020/train/anthony-delanoix-14634.png,clic_train,Balle2018,6,0.4827,36.7645,0.3872,117.2,0.0171,0.421,0.3872,0.4083,
/home/user/tesi/datasets/clic2020/train/anthony-delanoix-16442.png,clic_train,Balle2018,2,0.3308,26.9075,0.2137,73.4,0.0077,0.1132,0.0515,0.0751,
/home/user/tesi/datasets/clic2020/train/anthony-delanoix-22776.png,clic_train,Balle2018,6,0.2317,41.6685,0.1653,112.7,0.0392,0.1384,0.1653,0.1507,
/home/user/tesi/datasets/clic2020/train/anthony-delanoix-33879.png,clic_train,Balle2018,6,0.1831,40.3027,0.2341,111.9,0.0333,0.17,0.2341,0.2159,
/home/user/tesi/datasets/clic2020/train/anthony-indraus-14311.png,clic_train,Balle2018,4,0.419,32.9006,0.1619,73.5,0.0118,0.0771,0.0753,0.0508,
/home/user/tesi/datasets/clic2020/train/anton-repponen-96746.png,clic_train,Balle2018,2,0.289,27.4142,0.328,69.0,0.0283,0.1659,0.1069,0.094,
/home/user/tesi/datasets/clic2020/train/anton-repponen-99546.png,clic_train,Balle2018,4,0.4689,31.1343,0.3721,71.0,0.0423,0.211,0.1235,0.1038,
/home/user/tesi/datasets/clic2020/train/ariana-prestes-285.png,clic_train,Balle2018,2,0.2977,27.4996,0.1711,20.3,0.0115,0.0774,0.042,0.0301,
/home/user/tesi/datasets/clic2020/train/arto-marttinen-182999.png,clic_train,Balle2018,2,0.236,28.1377,0.3143,68.1,0.0242,0.1078,0.05,0.0405,
/home/user/tesi/datasets/clic2020/train/arto-marttinen-79383.png,clic_train,Balle2018,4,0.3032,33.4933,0.2716,64.7,0.0397,0.185,0.2716,0.1267,
/home/user/tesi/datasets/clic2020/train/artur-pokusin-739.png,clic_train,Balle2018,2,0.0675,34.3034,0.3253,60.8,0.028,0.206,0.3253,0.1852,
/home/user/tesi/datasets/clic2020/train/arvee-marie-107.png,clic_train,Balle2018,4,0.3504,34.2889,0.0466,31.7,0.0142,0.0395,0.0373,0.035,
/home/user/tesi/datasets/clic2020/train/aurelien-bellanger-3970.png,clic_train,Balle2018,6,0.2355,39.2081,0.2614,114.7,0.0292,0.2695,0.2614,0.2343,
/home/user/tesi/datasets/clic2020/train/austin-neill-139496.png,clic_train,Balle2018,4,0.4911,31.9773,0.1803,71.4,0.0202,0.1371,0.1055,0.098,
/home/user/tesi/datasets/clic2020/train/austin-neill-159603.png,clic_train,Balle2018,6,0.2456,41.5316,0.0719,111.5,0.0135,0.0662,0.0719,0.0658,
/home/user/tesi/datasets/clic2020/train/austin-neill-189141.png,clic_train,Balle2018,4,0.3358,33.6534,0.1995,70.6,0.0204,0.1483,0.1181,0.1082,
/home/user/tesi/datasets/clic2020/train/axel-antas-bergkvist-7400.png,clic_train,Balle2018,4,0.2583,12.3497,0.9024,61.2,0.021,0.1644,0.9024,0.0823,
/home/user/tesi/datasets/clic2020/train/barcelona-81.png,clic_train,Balle2018,4,0.4279,33.0992,0.1367,10.9,0.0082,0.1607,0.0565,0.0661,
/home/user/tesi/datasets/clic2020/train/barcelona-82.png,clic_train,Balle2018,4,0.42,33.6662,0.1582,16.8,0.0072,0.1897,0.0926,0.0792,
/home/user/tesi/datasets/clic2020/train/barn-images-11460.png,clic_train,Balle2018,4,0.3475,9.9606,0.8173,67.0,0.0263,0.2084,0.7961,0.1713,
/home/user/tesi/datasets/clic2020/train/bartlomiej-jacak-114470.png,clic_train,Balle2018,6,0.3238,38.9848,0.2011,113.5,0.0198,0.2177,0.2011,0.1968,
/home/user/tesi/datasets/clic2020/train/bartosz-bak-254.png,clic_train,HEVC,45,0.2337,19.0027,0.5558,940.6,0.0081,0.0945,0.0639,0.0161,FALLBACK_MIN_BPP
/home/user/tesi/datasets/clic2020/train/bec-brown-3490.png,clic_train,Balle2018,4,0.1534,36.7379,0.314,62.1,0.0459,0.2201,0.314,0.1974,
/home/user/tesi/datasets/clic2020/train/ben-dumond-13830.png,clic_train,Balle2018,6,0.4987,38.68,0.0441,117.1,0.0216,0.063,0.0441,0.041,
/home/user/tesi/datasets/clic2020/train/benjamin-combs-27619.png,clic_train,Balle2018,4,0.2514,33.9123,0.4024,71.7,0.0224,0.3404,0.344,0.3479,
/home/user/tesi/datasets/clic2020/train/benjamin-combs-28880.png,clic_train,Balle2018,2,0.3151,27.5694,0.1628,71.2,0.0108,0.0674,0.0326,0.0262,
/home/user/tesi/datasets/clic2020/train/benjamin-combs-28896.png,clic_train,Balle2018,6,0.2113,39.971,0.2033,110.6,0.043,0.2137,0.2033,0.1959,
/home/user/tesi/datasets/clic2020/train/bertrand-zuchuat-641.png,clic_train,Balle2018,6,0.3286,39.854,0.1821,115.5,0.0276,0.2141,0.1821,0.1579,
/home/user/tesi/datasets/clic2020/train/beto-galetto-200.png,clic_train,Balle2018,6,0.4546,37.3842,0.241,49.5,0.0237,0.2806,0.241,0.2407,
/home/user/tesi/datasets/clic2020/train/biegun-wschodni-8636.png,clic_train,Balle2018,2,0.1594,29.1858,0.4885,55.9,0.0416,0.2021,0.4885,0.1446,
/home/user/tesi/datasets/clic2020/train/bino-storyteller-33047.png,clic_train,Balle2018,6,0.4782,36.8159,0.281,116.0,0.0171,0.31,0.281,0.3034,
/home/user/tesi/datasets/clic2020/train/bjorn-simon-418.png,clic_train,Balle2018,4,0.1884,35.0625,0.4086,48.4,0.0182,0.3721,0.4086,0.3061,
/home/user/tesi/datasets/clic2020/train/blake-richard-verdoorn-21434.png,clic_train,Balle2018,6,0.3678,38.8831,0.1847,114.3,0.0229,0.1969,0.1847,0.1761,
/home/user/tesi/datasets/clic2020/train/blake-richard-verdoorn-25009.png,clic_train,Balle2018,6,0.1154,42.9247,0.2157,110.2,0.0278,0.1814,0.2157,0.2139,
/home/user/tesi/datasets/clic2020/train/bonnie-meisels-437.png,clic_train,Balle2018,2,0.2834,28.4275,0.1844,70.1,0.005,0.0988,0.0456,0.0401,
/home/user/tesi/datasets/clic2020/train/brandon-lam-29892.png,clic_train,Balle2018,6,0.303,40.3979,0.1206,112.5,0.0172,0.1143,0.1206,0.1074,
/home/user/tesi/datasets/clic2020/train/brian-erickson-54417.png,clic_train,Balle2018,4,0.103,38.3299,0.2296,54.7,0.0378,0.1453,0.2296,0.1863,
/home/user/tesi/datasets/clic2020/train/brownie-768.png,clic_train,Balle2018,2,0.3967,25.7798,0.4713,42.9,0.0262,0.1464,0.0382,0.0372,
/home/user/tesi/datasets/clic2020/train/buzo-jesus-190.png,clic_train,JPEG,30,0.4156,33.8879,0.0953,70.3,0.0105,0.1356,0.1262,0.12,
/home/user/tesi/datasets/clic2020/train/c-ma-435.png,clic_train,Balle2018,6,0.4673,38.4132,0.0578,17.3,0.0081,0.0773,0.0578,0.0498,
/home/user/tesi/datasets/clic2020/train/caleb-george-480.png,clic_train,Balle2018,4,0.3071,34.3155,0.1884,45.4,0.024,0.141,0.1105,0.0918,
/home/user/tesi/datasets/clic2020/train/caleb-ralston-21604.png,clic_train,JPEG,30,0.3485,32.0921,0.2805,50.2,0.0298,0.1607,0.1638,0.1127,
/home/user/tesi/datasets/clic2020/train/cameron-kirby-49742.png,clic_train,Balle2018,6,0.2588,39.5542,0.1554,112.5,0.0328,0.1604,0.1554,0.1559,
/home/user/tesi/datasets/clic2020/train/carli-jeen-365.png,clic_train,Balle2018,6,0.1579,42.4662,0.153,111.0,0.0258,0.1342,0.153,0.1437,
/home/user/tesi/datasets/clic2020/train/carli-jeen-431.png,clic_train,Balle2018,6,0.1846,41.6363,0.1512,111.6,0.028,0.1254,0.1512,0.1382,
/home/user/tesi/datasets/clic2020/train/caroline-sada-92.png,clic_train,Balle2018,2,0.3139,25.1661,0.3458,20.1,0.0191,0.1239,0.0783,0.0831,
/home/user/tesi/datasets/clic2020/train/caryle-barton-56255.png,clic_train,Balle2018,2,0.117,8.5833,1.0992,53.5,0.0323,0.3876,0.4032,0.391,
/home/user/tesi/datasets/clic2020/train/casey-fyfe-998.png,clic_train,Balle2018,4,0.1848,33.7274,0.4361,69.7,0.0298,0.3171,0.2155,0.2113,
/home/user/tesi/datasets/clic2020/train/cayton-heath-60402.png,clic_train,Balle2018,4,0.294,32.765,0.3583,71.5,0.0176,0.2396,0.1209,0.1184,
/home/user/tesi/datasets/clic2020/train/charles-forerunner-1727.png,clic_train,Balle2018,6,0.3462,38.4901,0.1896,116.7,0.0281,0.192,0.1896,0.1762,
/home/user/tesi/datasets/clic2020/train/charles-forerunner-378.png,clic_train,Balle2018,6,0.4952,39.11,0.1132,117.7,0.0065,0.1841,0.1132,0.0959,
/home/user/tesi/datasets/clic2020/train/charles-l-309.png,clic_train,Balle2018,2,0.2743,27.7428,0.2125,12.1,0.0099,0.0799,0.0388,0.0323,
/home/user/tesi/datasets/clic2020/train/charles-s-524.png,clic_train,Balle2018,4,0.3736,33.8251,0.1651,71.6,0.0152,0.1554,0.1056,0.101,
/home/user/tesi/datasets/clic2020/train/chelsea-francis-3458.png,clic_train,Balle2018,6,0.3095,40.5526,0.1894,114.7,0.0298,0.1766,0.1894,0.1802,
/home/user/tesi/datasets/clic2020/train/chloe-benko-prieur-162.png,clic_train,Balle2018,4,0.4259,30.006,0.4335,72.2,0.0168,0.2823,0.0877,0.1129,
/home/user/tesi/datasets/clic2020/train/chris-adams-237.png,clic_train,Balle2018,2,0.3998,24.6338,0.3057,37.5,0.0148,0.1956,0.125,0.1286,
/home/user/tesi/datasets/clic2020/train/chris-becker-52648.png,clic_train,Balle2018,6,0.4104,39.8943,0.0673,112.2,0.0177,0.0761,0.0673,0.0601,
/home/user/tesi/datasets/clic2020/train/chris-greenhow-135337.png,clic_train,Balle2018,4,0.4197,33.0122,0.1802,76.6,0.0168,0.1648,0.1242,0.1225,
/home/user/tesi/datasets/clic2020/train/christian-holzinger-1262.png,clic_train,Balle2018,6,0.4413,39.3088,0.084,115.4,0.013,0.1043,0.084,0.071,
/home/user/tesi/datasets/clic2020/train/christopher-campbell-30253.png,clic_train,Balle2018,6,0.1795,42.5028,0.2191,94.3,0.0112,0.2942,0.2191,0.2081,
/home/user/tesi/datasets/clic2020/train/christopher-skor-1894.png,clic_train,Balle2018,6,0.2517,39.5555,0.0961,92.0,0.0251,0.057,0.0961,0.0992,
/home/user/tesi/datasets/clic2020/train/chuttersnap-255210.png,clic_train,Balle2018,2,0.3166,7.9835,0.7813,68.6,0.0124,0.064,0.6195,0.0349,
/home/user/tesi/datasets/clic2020/train/cierra-59.png,clic_train,Balle2018,6,0.4218,39.732,0.0448,14.6,0.0083,0.0996,0.0448,0.0417,
/home/user/tesi/datasets/clic2020/train/clark-street-mercantile-33932.png,clic_train,Balle2018,6,0.4894,37.2884,0.1437,117.7,0.02,0.1665,0.1437,0.1279,
/home/user/tesi/datasets/clic2020/train/claudio-testa-135408.png,clic_train,Balle2018,2,0.1874,12.1227,0.6912,63.8,0.0193,0.1487,0.6912,0.1077,
/home/user/tesi/datasets/clic2020/train/clem-onojeghuo-91150.png,clic_train,Balle2018,6,0.4467,38.2714,0.0891,118.2,0.0181,0.0887,0.0891,0.0758,
/home/user/tesi/datasets/clic2020/train/cole-patrick-404.png,clic_train,Balle2018,4,0.3816,33.445,0.2318,47.0,0.0346,0.1717,0.124,0.1062,
/home/user/tesi/datasets/clic2020/train/cornelia-schutz-338.png,clic_train,Balle2018,2,0.3109,26.9075,0.3292,17.2,0.0244,0.0839,0.0552,0.0598,
/home/user/tesi/datasets/clic2020/train/cosmic-timetraveler-29758.png,clic_train,Balle2018,4,0.3091,34.4993,0.1384,68.3,0.0148,0.1101,0.064,0.0583,
/home/user/tesi/datasets/clic2020/train/cosmic-timetraveler-39770.png,clic_train,Balle2018,4,0.3091,34.5127,0.2095,73.1,0.0232,0.1819,0.149,0.1442,
/home/user/tesi/datasets/clic2020/train/cristian-baron-27348.png,clic_train,Balle2018,2,0.0571,38.1041,0.0942,55.9,0.0225,0.0765,0.0942,0.0837,
/home/user/tesi/datasets/clic2020/train/cristian-moscoso-61.png,clic_train,Balle2018,6,0.3778,40.5489,0.1008,113.8,0.0143,0.157,0.1008,0.0971,
/home/user/tesi/datasets/clic2020/train/cristina-gottardi-177252.png,clic_train,Balle2018,4,0.3296,33.2065,0.2534,74.0,0.0327,0.1789,0.1514,0.126,
/home/user/tesi/datasets/clic2020/train/crucifix-jean-luc-1837.png,clic_train,Balle2018,2,0.0956,31.4485,0.3614,61.4,0.0299,0.1714,0.3614,0.181,
/home/user/tesi/datasets/clic2020/train/dakota-roos-1195.png,clic_train,Balle2018,2,0.2908,27.092,0.4079,72.0,0.021,0.1475,0.0753,0.0587,
/home/user/tesi/datasets/clic2020/train/dan-carlson-88563.png,clic_train,Balle2018,6,0.2466,41.7163,0.0989,115.1,0.0167,0.0827,0.0989,0.0911,
/home/user/tesi/datasets/clic2020/train/daniel-beilinson-1695.png,clic_train,Balle2018,4,0.4699,27.6527,0.3787,55.8,0.0341,0.2253,0.3787,0.1124,
/home/user/tesi/datasets/clic2020/train/daniel-genser-70.png,clic_train,Balle2018,6,0.4387,38.2178,0.1706,31.6,0.0352,0.1741,0.1706,0.1313,
/home/user/tesi/datasets/clic2020/train/daniel-robert-159.png,clic_train,Balle2018,6,0.4495,37.2284,0.2452,116.2,0.0211,0.2655,0.2452,0.255,
/home/user/tesi/datasets/clic2020/train/daniela-cuevas-21225.png,clic_train,Balle2018,2,0.2268,27.8453,0.207,68.7,0.0153,0.0511,0.0396,0.0332,
/home/user/tesi/datasets/clic2020/train/danka-peter-178.png,clic_train,Balle2018,4,0.3446,32.892,0.3271,31.4,0.0344,0.2587,0.1813,0.1982,
/home/user/tesi/datasets/clic2020/train/danka-peter-336.png,clic_train,HEVC,45,0.1882,18.6987,0.7731,385.6,0.0171,0.1104,0.1098,0.0428,FALLBACK_MIN_BPP
/home/user/tesi/datasets/clic2020/train/danny-froese-1052.png,clic_train,Balle2018,4,0.4721,31.7401,0.2106,73.0,0.023,0.1683,0.1343,0.1333,
/home/user/tesi/datasets/clic2020/train/davey-heuser-696.png,clic_train,Balle2018,6,0.4211,37.6181,0.1675,117.7,0.0164,0.2284,0.1675,0.1673,
/home/user/tesi/datasets/clic2020/train/david-marcu-1263.png,clic_train,Balle2018,2,0.2019,28.2066,0.4173,68.4,0.0281,0.1804,0.1265,0.1073,
/home/user/tesi/datasets/clic2020/train/david-marcu-1425.png,clic_train,Balle2018,2,0.245,27.4018,0.2507,68.4,0.0229,0.114,0.1058,0.0968,
/home/user/tesi/datasets/clic2020/train/david-marcu-30865.png,clic_train,Balle2018,4,0.1227,37.7366,0.284,58.2,0.0354,0.2118,0.284,0.2012,
/home/user/tesi/datasets/clic2020/train/david-marcu-441.png,clic_train,Balle2018,4,0.474,32.5722,0.1634,71.7,0.0135,0.1448,0.0847,0.0771,
/home/user/tesi/datasets/clic2020/train/david-marcu-4655.png,clic_train,Balle2018,6,0.2264,41.8477,0.1254,114.6,0.0154,0.1118,0.1254,0.1131,
/home/user/tesi/datasets/clic2020/train/david-marcu-5437.png,clic_train,Balle2018,4,0.347,33.8974,0.1799,71.8,0.0207,0.1648,0.0964,0.0895,
/home/user/tesi/datasets/clic2020/train/davide-ragusa-2178.png,clic_train,Balle2018,4,0.2695,14.9942,0.4033,61.6,0.0253,0.149,0.4033,0.1621,
/home/user/tesi/datasets/clic2020/train/davide-ragusa-269.png,clic_train,Balle2018,2,0.4092,5.568,0.9055,65.1,0.0127,0.0587,0.1063,0.042,
/home/user/tesi/datasets/clic2020/train/delfi-de-la-rua-23324.png,clic_train,Balle2018,6,0.3934,39.025,0.1959,113.0,0.0234,0.1952,0.1959,0.1983,
/home/user/tesi/datasets/clic2020/train/delfi-de-la-rua-85106.png,clic_train,Balle2018,4,0.315,33.5476,0.387,46.4,0.0303,0.32,0.2259,0.2335,
/home/user/tesi/datasets/clic2020/train/desi-mendoza-451.png,clic_train,Balle2018,6,0.1292,42.3124,0.1855,111.5,0.0318,0.1645,0.1855,0.1765,
/home/user/tesi/datasets/clic2020/train/devin-rajaram-28791.png,clic_train,Balle2018,6,0.3253,39.218,0.1171,111.6,0.0182,0.1339,0.1171,0.1111,
/home/user/tesi/datasets/clic2020/train/dietmar-becker-131.png,clic_train,Balle2018,2,0.2956,27.9148,0.1852,36.7,0.0057,0.088,0.04,0.0349,
/home/user/tesi/datasets/clic2020/train/dillon-mcintosh-163.png,clic_train,Balle2018,2,0.2781,26.8592,0.3529,12.4,0.0281,0.1608,0.1099,0.1092,
/home/user/tesi/datasets/clic2020/train/dino-reichmuth-84077.png,clic_train,Balle2018,4,0.4604,32.0866,0.2042,74.7,0.0169,0.1566,0.092,0.0761,
/home/user/tesi/datasets/clic2020/train/dirk-sebregts-2408.png,clic_train,Balle2018,6,0.3288,39.335,0.1464,112.8,0.0234,0.1588,0.1464,0.127,
/home/user/tesi/datasets/clic2020/train/dmitri-popov-114770.png,clic_train,Balle2018,4,0.3237,33.6937,0.0879,78.5,0.0095,0.0786,0.0617,0.0586,
/home/user/tesi/datasets/clic2020/train/dmitrii-medvedev-100580.png,clic_train,Balle2018,6,0.4808,39.7077,0.1523,115.4,0.017,0.1498,0.1523,0.1568,
/home/user/tesi/datasets/clic2020/train/dmitry-sytnik-25017.png,clic_train,Balle2018,4,0.4167,32.0055,0.1141,63.2,0.0197,0.0775,0.0634,0.0527,
/home/user/tesi/datasets/clic2020/train/dominik-lange-35224.png,clic_train,Balle2018,6,0.2263,39.7096,0.2538,109.9,0.0388,0.2297,0.2538,0.2281,
/home/user/tesi/datasets/clic2020/train/dominik-martin-100802.png,clic_train,Balle2018,6,0.2061,41.4108,0.1539,112.0,0.0227,0.1406,0.1539,0.1315,
/home/user/tesi/datasets/clic2020/train/dominik-martin-326.png,clic_train,Balle2018,2,0.2546,28.2141,0.2999,69.5,0.0287,0.1665,0.0976,0.091,
/home/user/tesi/datasets/clic2020/train/dorothee-hubner-764.png,clic_train,Balle2018,4,0.4208,32.267,0.0792,72.1,0.0125,0.06,0.0426,0.0408,
/home/user/tesi/datasets/clic2020/train/dorothy-lin-72.png,clic_train,Balle2018,2,0.2209,27.1642,0.3277,39.4,0.0168,0.1654,0.0662,0.0753,
/home/user/tesi/datasets/clic2020/train/dorothy-lin-77.png,clic_train,Balle2018,2,0.245,26.4693,0.3655,39.9,0.0153,0.2326,0.0785,0.0732,
/home/user/tesi/datasets/clic2020/train/doug-robichaud-3531.png,clic_train,Balle2018,4,0.4487,32.7828,0.1277,17.7,0.0202,0.1172,0.1277,0.0874,
/home/user/tesi/datasets/clic2020/train/drew-geraets-957.png,clic_train,Balle2018,4,0.2867,34.1666,0.2358,63.8,0.0322,0.1307,0.1249,0.0989,
/home/user/tesi/datasets/clic2020/train/drew-hays-26333.png,clic_train,Balle2018,4,0.39,32.2181,0.2254,70.0,0.0288,0.1441,0.115,0.0957,
/home/user/tesi/datasets/clic2020/train/drew-patrick-miller-29382.png,clic_train,Balle2018,6,0.1629,43.1497,0.0835,111.4,0.0079,0.0959,0.0835,0.0758,
/home/user/tesi/datasets/clic2020/train/drew-patrick-miller-59416.png,clic_train,Balle2018,6,0.4245,39.1676,0.1091,116.9,0.0092,0.152,0.1091,0.0974,
/home/user/tesi/datasets/clic2020/train/dustin-lee-19667.png,clic_train,Balle2018,2,0.1744,29.4215,0.3993,64.3,0.0205,0.2254,0.3993,0.1342,
/home/user/tesi/datasets/clic2020/train/dustin-scarpitti-1009.png,clic_train,Balle2018,6,0.2317,40.3876,0.2418,111.0,0.0405,0.2116,0.2418,0.2293,
/home/user/tesi/datasets/clic2020/train/dyaa-eldin-moustafa-197.png,clic_train,JPEG,60,0.4798,39.6053,0.0551,52.1,0.0106,0.1895,0.2127,0.1387,
/home/user/tesi/datasets/clic2020/train/edan-cohen-2486.png,clic_train,Balle2018,4,0.3306,34.6514,0.0671,69.8,0.0105,0.0555,0.0342,0.0286,
/home/user/tesi/datasets/clic2020/train/elena-prokofyeva-17909.png,clic_train,Balle2018,4,0.2022,32.9747,0.437,69.2,0.0376,0.2325,0.2333,0.2313,
/home/user/tesi/datasets/clic2020/train/eli-defaria-14555.png,clic_train,Balle2018,4,0.2527,33.4732,0.3215,70.5,0.0353,0.2599,0.224,0.2279,
/home/user/tesi/datasets/clic2020/train/elisabetta-foco-241.png,clic_train,Balle2018,4,0.2867,34.4915,0.259,39.0,0.0064,0.2995,0.1391,0.105,
/home/user/tesi/datasets/clic2020/train/elizabeth-lies-20237.png,clic_train,Balle2018,2,0.3118,7.7743,0.8961,50.6,0.0132,0.0808,0.0286,0.0338,
/home/user/tesi/datasets/clic2020/train/elle-zhu-22896.png,clic_train,Balle2018,4,0.4397,32.2733,0.157,69.7,0.0248,0.1317,0.0642,0.0621,
/home/user/tesi/datasets/clic2020/train/emanuele-pinna-258.png,clic_train,Balle2018,4,0.2554,34.8174,0.1374,70.0,0.0157,0.0902,0.0896,0.0745,
/home/user/tesi/datasets/clic2020/train/eric-huang-35182.png,clic_train,Balle2018,4,0.2548,34.1065,0.4644,68.0,0.0506,0.3412,0.3503,0.33,
/home/user/tesi/datasets/clic2020/train/erol-ahmed-80094.png,clic_train,Balle2018,4,0.2689,31.1367,0.6079,39.7,0.0155,0.3743,0.0731,0.1198,
/home/user/tesi/datasets/clic2020/train/evan-kirby-104799.png,clic_train,Balle2018,6,0.4648,37.8496,0.1486,113.8,0.0302,0.1705,0.1486,0.1429,
/home/user/tesi/datasets/clic2020/train/ezra-jeffrey-87323.png,clic_train,Balle2018,6,0.1622,42.6671,0.1825,109.5,0.0218,0.1461,0.1825,0.1685,
/home/user/tesi/datasets/clic2020/train/faye-cornish-76100.png,clic_train,Balle2018,6,0.3362,39.0666,0.243,114.4,0.0368,0.2781,0.243,0.2203,
/home/user/tesi/datasets/clic2020/train/federico-beccari-130703.png,clic_train,Balle2018,2,0.1002,31.8807,0.4914,62.8,0.043,0.2789,0.258,0.236,
/home/user/tesi/datasets/clic2020/train/felix-russell-saw-182331.png,clic_train,Balle2018,2,0.125,29.9525,0.6281,52.3,0.0603,0.3268,0.3665,0.2104,
/home/user/tesi/datasets/clic2020/train/fineas-anton-143501.png,clic_train,Balle2018,2,0.3886,25.1602,0.1906,69.8,0.0171,0.0917,0.0622,0.0559,
/home/user/tesi/datasets/clic2020/train/forrest-cavale-350.png,clic_train,Balle2018,4,0.2348,33.6046,0.4521,68.8,0.0268,0.3482,0.3375,0.3403,
/home/user/tesi/datasets/clic2020/train/frances-gunn-39238.png,clic_train,Balle2018,4,0.3749,32.8327,0.3684,20.0,0.0318,0.2973,0.211,0.1862,
/home/user/tesi/datasets/clic2020/train/francisco-casero-234.png,clic_train,HEVC,45,0.2571,19.262,0.5276,152.7,0.0102,0.0771,0.2296,0.0139,FALLBACK_MIN_BPP
/home/user/tesi/datasets/clic2020/train/fre-sonneveld-272.png,clic_train,Balle2018,4,0.243,34.8055,0.2821,68.1,0.04,0.2053,0.2298,0.209,
/home/user/tesi/datasets/clic2020/train/fre-sonneveld-315.png,clic_train,Balle2018,2,0.2405,27.2166,0.4166,67.7,0.0487,0.1574,0.0868,0.0766,
/home/user/tesi/datasets/clic2020/train/fritz-bielmeier-29905.png,clic_train,Balle2018,6,0.1122,44.4517,0.1543,84.7,0.0286,0.1177,0.1543,0.1325,
/home/user/tesi/datasets/clic2020/train/gabe-rodriguez-110.png,clic_train,Balle2018,2,0.1785,9.4914,0.6864,62.3,0.0149,0.0943,0.6864,0.0629,
/home/user/tesi/datasets/clic2020/train/gabriel-santiago-423.png,clic_train,Balle2018,4,0.3145,33.8471,0.2069,71.9,0.0243,0.1561,0.1157,0.0965,
/home/user/tesi/datasets/clic2020/train/gabriel-santiago-453.png,clic_train,Balle2018,4,0.3467,32.5762,0.2835,71.2,0.0142,0.2536,0.1201,0.1635,
/home/user/tesi/datasets/clic2020/train/gabriel-santiago-598.png,clic_train,Balle2018,6,0.2408,38.4172,0.2924,110.8,0.0469,0.2696,0.2924,0.2776,
/home/user/tesi/datasets/clic2020/train/galymzhan-abdugalimov-181.png,clic_train,Balle2018,6,0.4729,38.5304,0.1265,44.0,0.0181,0.1203,0.1265,0.1072,
/home/user/tesi/datasets/clic2020/train/georgia-dixon-248.png,clic_train,Balle2018,2,0.2247,28.0297,0.386,44.1,0.0163,0.1715,0.0983,0.1051,
/home/user/tesi/datasets/clic2020/train/glen-carrie-429.png,clic_train,Balle2018,6,0.336,40.0281,0.1328,93.8,0.0172,0.1422,0.1328,0.1192,
/home/user/tesi/datasets/clic2020/train/go-wild-27.png,clic_train,Balle2018,2,0.4841,22.7717,0.3198,66.5,0.0231,0.147,0.3198,0.0564,
/home/user/tesi/datasets/clic2020/train/gonzalo-poblete-450.png,clic_train,JPEG,30,0.3664,35.7755,0.0995,41.6,0.0091,0.1329,0.1015,0.0976,
/home/user/tesi/datasets/clic2020/train/good-free-photos-177.png,clic_train,Balle2018,4,0.4152,33.2275,0.0856,27.1,0.014,0.0798,0.038,0.0381,
/home/user/tesi/datasets/clic2020/train/greg-rakozy-199744.png,clic_train,Balle2018,6,0.4841,37.4311,0.0671,119.2,0.0139,0.0553,0.0671,0.0567,
/home/user/tesi/datasets/clic2020/train/greg-rakozy-53292.png,clic_train,Balle2018,2,0.24,12.2444,0.9395,53.7,0.0227,0.0899,0.7314,0.0462,
/home/user/tesi/datasets/clic2020/train/guillaume-120.png,clic_train,Balle2018,4,0.4209,31.1203,0.4116,70.5,0.024,0.2176,0.0747,0.0736,
/home/user/tesi/datasets/clic2020/train/hailey-kean-100680.png,clic_train,Balle2018,4,0.3766,33.4748,0.1787,69.6,0.0266,0.1292,0.1064,0.0921,
/home/user/tesi/datasets/clic2020/train/hartmut-tobies-481.png,clic_train,Balle2018,6,0.2294,41.1093,0.152,80.9,0.0167,0.1432,0.152,0.142,
/home/user/tesi/datasets/clic2020/train/harvey-enrile-491.png,clic_train,Balle2018,4,0.3744,32.7738,0.1163,71.3,0.0185,0.074,0.0669,0.0563,
/home/user/tesi/datasets/clic2020/train/hide-obara-233.png,clic_train,Balle2018,4,0.2956,35.0478,0.2047,40.0,0.0274,0.1577,0.1574,0.1313,
/home/user/tesi/datasets/clic2020/train/hikersbay-hikersbay-3503.png,clic_train,Balle2018,6,0.3707,38.1312,0.2424,31.3,0.027,0.2193,0.2424,0.2209,
/home/user/tesi/datasets/clic2020/train/hisu-lee-38286.png,clic_train,Balle2018,6,0.4478,38.6602,0.1477,116.2,0.0242,0.1415,0.1477,0.1425,
/home/user/tesi/datasets/clic2020/train/hoach-le-dinh-91879.png,clic_train,Balle2018,4,0.2484,34.6125,0.1404,69.8,0.0101,0.0834,0.078,0.0703,
/home/user/tesi/datasets/clic2020/train/igor-ovsyannykov-410.png,clic_train,JPEG,30,0.4518,32.6095,0.1077,51.9,0.0088,0.1043,0.1343,0.0545,
/home/user/tesi/datasets/clic2020/train/ilham-rahmansyah-102.png,clic_train,Balle2018,2,0.2878,27.2353,0.445,34.2,0.0222,0.2764,0.2365,0.2386,
/home/user/tesi/datasets/clic2020/train/israel-sundseth-1687.png,clic_train,Balle2018,4,0.3421,32.323,0.3602,71.3,0.0444,0.2506,0.245,0.1976,
/home/user/tesi/datasets/clic2020/train/ivan-chen-37378.png,clic_train,Balle2018,2,0.0934,33.2069,0.1853,50.0,0.0142,0.1044,0.1853,0.089,
/home/user/tesi/datasets/clic2020/train/jacob-aguilar-friend-343.png,clic_train,HEVC,45,0.2039,17.9898,0.8924,393.9,0.0189,0.1154,0.0933,0.059,FALLBACK_MIN_BPP
/home/user/tesi/datasets/clic2020/train/jake-hills-389.png,clic_train,Balle2018,6,0.1725,42.0347,0.1591,109.9,0.0322,0.121,0.1591,0.1432,
/home/user/tesi/datasets/clic2020/train/james-forbes-191.png,clic_train,Balle2018,4,0.389,32.3936,0.2566,20.2,0.0239,0.185,0.1011,0.0807,
/home/user/tesi/datasets/clic2020/train/jamie-r-mink-67789.png,clic_train,Balle2018,2,0.1574,30.0422,0.2696,63.0,0.0147,0.1147,0.2696,0.0548,
/home/user/tesi/datasets/clic2020/train/jan-schulz-webdesigner-stuttgart-99749.png,clic_train,Balle2018,2,0.0426,38.0977,0.2432,66.2,0.0436,0.2,0.2432,0.239,
/home/user/tesi/datasets/clic2020/train/jared-erondu-8131.png,clic_train,Balle2018,4,0.3318,33.5176,0.1832,69.4,0.0088,0.2801,0.0831,0.0818,
/home/user/tesi/datasets/clic2020/train/jason-blackeye-137278.png,clic_train,Balle2018,6,0.3711,36.7212,0.409,113.1,0.0199,0.411,0.409,0.4811,
/home/user/tesi/datasets/clic2020/train/jason-blackeye-172510.png,clic_train,Balle2018,4,0.1182,36.7678,0.3926,54.4,0.0443,0.3175,0.3926,0.2896,
/home/user/tesi/datasets/clic2020/train/jason-long-718.png,clic_train,Balle2018,4,0.2814,34.9854,0.0929,71.6,0.0136,0.0579,0.0472,0.0389,
/home/user/tesi/datasets/clic2020/train/jason-ortego-5386.png,clic_train,Balle2018,2,0.3739,25.6439,0.2326,71.6,0.0155,0.0795,0.0469,0.0411,
/home/user/tesi/datasets/clic2020/train/jasper-van-der-meij-756.png,clic_train,Balle2018,6,0.3119,40.3681,0.0974,114.3,0.0188,0.1126,0.0974,0.0876,
/home/user/tesi/datasets/clic2020/train/jassy-onyae-71.png,clic_train,Balle2018,4,0.2905,34.7377,0.1666,40.1,0.0134,0.1429,0.1156,0.1103,
/home/user/tesi/datasets/clic2020/train/jay-ruzesky-84387.png,clic_train,Balle2018,4,0.3606,33.428,0.168,74.1,0.0204,0.131,0.0841,0.071,
/home/user/tesi/datasets/clic2020/train/jean-lakosnyk-1325.png,clic_train,Balle2018,6,0.4005,37.4036,0.3044,116.6,0.0198,0.2676,0.3044,0.2958,
/home/user/tesi/datasets/clic2020/train/jean-marie-grange-21067.png,clic_train,Balle2018,2,0.3483,25.9391,0.1324,25.5,0.0067,0.0581,0.0507,0.0195,
/home/user/tesi/datasets/clic2020/train/jeff-sheldon-2549.png,clic_train,Balle2018,4,0.469,32.2582,0.2342,79.8,0.0244,0.2002,0.15,0.1444,
/home/user/tesi/datasets/clic2020/train/jeff-sheldon-2550.png,clic_train,Balle2018,4,0.4001,33.1862,0.2275,71.9,0.0228,0.181,0.1542,0.1565,
/home/user/tesi/datasets/clic2020/train/jeff-sheldon-2551.png,clic_train,Balle2018,6,0.3067,39.0317,0.1835,122.6,0.0192,0.1896,0.1835,0.181,
/home/user/tesi/datasets/clic2020/train/jeff-sheldon-2554.png,clic_train,Balle2018,2,0.3394,26.0922,0.3732,77.9,0.0281,0.1346,0.0316,0.0313,
/home/user/tesi/datasets/clic2020/train/jeff-sheldon-2557.png,clic_train,Balle2018,4,0.2765,34.4257,0.1735,75.7,0.0154,0.1507,0.0698,0.0554,
/home/user/tesi/datasets/clic2020/train/jeff-sheldon-3219.png,clic_train,Balle2018,6,0.3137,38.0715,0.2761,133.1,0.0202,0.2647,0.2761,0.2709,
/home/user/tesi/datasets/clic2020/train/jeff-sheldon-3224.png,clic_train,Balle2018,6,0.3011,38.6631,0.2346,124.0,0.0206,0.2336,0.2346,0.2254,
/home/user/tesi/datasets/clic2020/train/jeff-sheldon-3225.png,clic_train,Balle2018,6,0.184,41.1083,0.1416,124.0,0.0168,0.1341,0.1416,0.1377,
/home/user/tesi/datasets/clic2020/train/jeff-sheldon-3227.png,clic_train,Balle2018,6,0.4576,36.2645,0.3001,124.2,0.0201,0.349,0.3001,0.3358,
/home/user/tesi/datasets/clic2020/train/jeff-sheldon-3228.png,clic_train,Balle2018,2,0.0854,34.7314,0.146,65.1,0.0109,0.1029,0.146,0.09,
/home/user/tesi/datasets/clic2020/train/jeffrey-swanson-17942.png,clic_train,Balle2018,4,0.335,34.1947,0.2151,45.4,0.0147,0.163,0.1239,0.1046,
/home/user/tesi/datasets/clic2020/train/jennifer-langley-290.png,clic_train,Balle2018,2,0.3664,24.5789,0.2529,32.1,0.0247,0.1024,0.088,0.0895,
/home/user/tesi/datasets/clic2020/train/jeremy-cai-1177.png,clic_train,Balle2018,2,0.1234,30.1802,0.4274,57.0,0.0264,0.2063,0.4274,0.0983,
/home/user/tesi/datasets/clic2020/train/jeremy-thomas-99326.png,clic_train,Balle2018,2,0.3161,25.9664,0.4219,69.4,0.0172,0.1477,0.0283,0.0279,
/home/user/tesi/datasets/clic2020/train/jerry-adney-28.png,clic_train,Balle2018,2,0.4159,25.6639,0.2743,69.8,0.0186,0.1166,0.0368,0.0334,
/home/user/tesi/datasets/clic2020/train/jessica-polar-537.png,clic_train,Balle2018,2,0.0866,33.2813,0.2488,61.6,0.0219,0.109,0.2488,0.0824,
/home/user/tesi/datasets/clic2020/train/jimmy-musto-39162.png,clic_train,Balle2018,2,0.3753,24.3172,0.0699,74.2,0.0102,0.0137,0.0276,0.0202,
/home/user/tesi/datasets/clic2020/train/joanna-kosinska-44214.png,clic_train,Balle2018,6,0.1841,41.9173,0.1353,112.2,0.0289,0.1264,0.1353,0.1272,
/home/user/tesi/datasets/clic2020/train/joao-silas-85835.png,clic_train,Balle2018,4,0.1918,33.6011,0.4302,71.1,0.0209,0.3589,0.2961,0.3477,
/home/user/tesi/datasets/clic2020/train/joe-jansen-184838.png,clic_train,Balle2018,6,0.417,38.4784,0.1074,121.0,0.0213,0.1136,0.1074,0.0774,
/home/user/tesi/datasets/clic2020/train/joe-reed-82416.png,clic_train,Balle2018,2,0.2753,26.8728,0.243,28.2,0.0219,0.1181,0.0557,0.0546,
/home/user/tesi/datasets/clic2020/train/joel-filipe-187166.png,clic_train,Balle2018,6,0.4819,38.3858,0.0396,109.3,0.0052,0.0475,0.0396,0.038,
/home/user/tesi/datasets/clic2020/train/joel-herzog-105060.png,clic_train,Balle2018,4,0.3167,33.5934,0.2754,72.0,0.0207,0.2318,0.2051,0.1956,
/home/user/tesi/datasets/clic2020/train/john-cobb-13965.png,clic_train,Balle2018,6,0.1838,42.7421,0.0755,48.5,0.02,0.0763,0.0755,0.0725,
/home/user/tesi/datasets/clic2020/train/john-cobb-14128.png,clic_train,Balle2018,6,0.281,39.9185,0.1136,115.7,0.0259,0.1029,0.1136,0.1087,
/home/user/tesi/datasets/clic2020/train/john-kutcher-15357.png,clic_train,Balle2018,4,0.2812,34.8502,0.1801,69.0,0.0201,0.1598,0.0955,0.0909,
/home/user/tesi/datasets/clic2020/train/john-price-5258.png,clic_train,Balle2018,6,0.3047,39.9216,0.1157,114.2,0.0175,0.1048,0.1157,0.1087,
/home/user/tesi/datasets/clic2020/train/john-towner-125997.png,clic_train,Balle2018,4,0.3229,34.7887,0.1033,70.5,0.0086,0.1181,0.0524,0.0492,
/home/user/tesi/datasets/clic2020/train/john-towner-188590.png,clic_train,Balle2018,2,0.1874,6.8234,0.9365,56.0,0.0125,0.0721,0.9293,0.0304,
/home/user/tesi/datasets/clic2020/train/johnny-lam-86.png,clic_train,Balle2018,6,0.4344,38.8404,0.0964,15.6,0.0193,0.0767,0.0964,0.0903,
/home/user/tesi/datasets/clic2020/train/jon-eckert-75.png,clic_train,Balle2018,2,0.3667,25.0905,0.2397,70.0,0.0188,0.0796,0.0626,0.0591,
/home/user/tesi/datasets/clic2020/train/jon-flobrant-155201.png,clic_train,Balle2018,4,0.3596,32.6215,0.2317,70.2,0.0262,0.178,0.0735,0.0678,
/home/user/tesi/datasets/clic2020/train/jon-flobrant-32821.png,clic_train,HEVC,45,0.1821,18.739,0.7254,1225.0,0.0146,0.0967,0.0187,0.0235,FALLBACK_MIN_BPP
/home/user/tesi/datasets/clic2020/train/jon-flobrant-49795.png,clic_train,Balle2018,2,0.2654,26.9294,0.3651,71.9,0.0169,0.1437,0.0455,0.0374,
/home/user/tesi/datasets/clic2020/train/jon-toney-99.png,clic_train,Balle2018,6,0.3186,40.7168,0.1003,114.1,0.0088,0.1634,0.1003,0.0861,
/home/user/tesi/datasets/clic2020/train/jonas-eriksson-3517.png,clic_train,Balle2018,4,0.3019,32.648,0.3368,70.9,0.0325,0.2624,0.2604,0.2834,
/home/user/tesi/datasets/clic2020/train/jonas-lavoie-levesque-397.png,clic_train,Balle2018,6,0.4597,37.8931,0.1757,115.4,0.0286,0.1787,0.1757,0.1513,
/home/user/tesi/datasets/clic2020/train/jonatan-pie-117073.png,clic_train,Balle2018,6,0.4334,37.4397,0.2801,116.3,0.0332,0.2691,0.2801,0.2659,
/home/user/tesi/datasets/clic2020/train/jordan-mcqueen-6535.png,clic_train,Balle2018,4,0.2596,34.7783,0.155,68.8,0.0207,0.0961,0.087,0.0797,
/home/user/tesi/datasets/clic2020/train/jordan-sanchez-13139.png,clic_train,Balle2018,4,0.2335,34.606,0.4589,70.5,0.0273,0.4313,0.3707,0.3643,
/home/user/tesi/datasets/clic2020/train/joren-645.png,clic_train,Balle2018,6,0.372,40.0064,0.1391,115.4,0.0274,0.1501,0.1391,0.1331,
/home/user/tesi/datasets/clic2020/train/joschko-hammermann-2224.png,clic_train,Balle2018,2,0.0999,31.5203,0.4019,67.7,0.027,0.2661,0.4019,0.1392,
/home/user/tesi/datasets/clic2020/train/jose-martin-ramirez-c-363.png,clic_train,Balle2018,2,0.2851,29.5463,0.0837,71.6,0.0011,0.0605,0.014,0.0092,
/home/user/tesi/datasets/clic2020/train/jose-martin-ramirez-c-364.png,clic_train,Balle2018,2,0.1941,29.4498,0.2285,60.7,0.012,0.109,0.2285,0.0542,
/home/user/tesi/datasets/clic2020/train/jose-murillo-30007.png,clic_train,Balle2018,6,0.1783,38.1196,0.4738,112.5,0.0275,0.5132,0.4738,0.4764,
/home/user/tesi/datasets/clic2020/train/josefa-holland-merten-3739.png,clic_train,Balle2018,2,0.289,28.2663,0.2768,48.4,0.0221,0.1202,0.1456,0.0449,
/home/user/tesi/datasets/clic2020/train/josefa-holland-merten-4142.png,clic_train,Balle2018,6,0.1345,42.6243,0.1628,77.1,0.0286,0.1351,0.1628,0.1548,
/home/user/tesi/datasets/clic2020/train/josefa-holland-merten-4145.png,clic_train,Balle2018,2,0.3403,25.9447,0.4108,50.2,0.027,0.1233,0.4108,0.0563,
/home/user/tesi/datasets/clic2020/train/joseph-barrientos-22207.png,clic_train,Balle2018,4,0.4351,32.7209,0.2008,69.5,0.0293,0.1502,0.1609,0.1532,
/home/user/tesi/datasets/clic2020/train/josh-felise-10266.png,clic_train,Balle2018,4,0.4507,32.9099,0.175,23.7,0.0219,0.1449,0.175,0.0632,
/home/user/tesi/datasets/clic2020/train/josh-felise-14491.png,clic_train,Balle2018,4,0.185,36.1482,0.1966,61.2,0.0193,0.1558,0.1966,0.1416,
/home/user/tesi/datasets/clic2020/train/joshua-earle-33443.png,clic_train,Balle2018,4,0.2597,34.3488,0.188,39.3,0.0225,0.1443,0.1338,0.1286,
/home/user/tesi/datasets/clic2020/train/joshua-hibbert-22841.png,clic_train,Balle2018,4,0.1706,34.0647,0.3471,69.9,0.0264,0.2373,0.2263,0.222,
/home/user/tesi/datasets/clic2020/train/joshua-k-jackson-121881.png,clic_train,Balle2018,6,0.4857,39.1145,0.1147,114.6,0.0159,0.1437,0.1147,0.1025,
/home/user/tesi/datasets/clic2020/train/joshua-k-jackson-36622.png,clic_train,Balle2018,2,0.2606,29.2206,0.2303,69.2,0.0134,0.143,0.1108,0.1072,
/home/user/tesi/datasets/clic2020/train/joshua-sortino-5581.png,clic_train,Balle2018,4,0.2958,33.6562,0.2943,70.4,0.0377,0.1953,0.1574,0.1371,
/home/user/tesi/datasets/clic2020/train/julie-geiger-84.png,clic_train,Balle2018,6,0.4883,37.9007,0.179,50.6,0.0316,0.139,0.179,0.1335,
/home/user/tesi/datasets/clic2020/train/julie-macey-67464.png,clic_train,Balle2018,2,0.1873,10.3205,0.6923,56.0,0.0127,0.1719,0.6923,0.0862,
/home/user/tesi/datasets/clic2020/train/julien-lavallee-4273.png,clic_train,Balle2018,2,0.3016,26.9728,0.2711,69.7,0.0259,0.1028,0.0582,0.0451,
/home/user/tesi/datasets/clic2020/train/justin-leibow-1939.png,clic_train,Balle2018,4,0.3061,33.487,0.2752,58.4,0.0347,0.2023,0.1977,0.1334,
/home/user/tesi/datasets/clic2020/train/justin-luebke-92974.png,clic_train,Balle2018,6,0.4289,37.8615,0.2744,114.7,0.0386,0.2954,0.2744,0.266,
/home/user/tesi/datasets/clic2020/train/kace-rodriguez-85845.png,clic_train,Balle2018,6,0.4943,38.4851,0.1805,114.5,0.0327,0.2494,0.1805,0.1433,
/home/user/tesi/datasets/clic2020/train/kalen-emsley-98264.png,clic_train,Balle2018,2,0.2243,28.3889,0.295,68.5,0.0196,0.1078,0.0709,0.0578,
/home/user/tesi/datasets/clic2020/train/kalen-emsley-99666.png,clic_train,Balle2018,6,0.3625,38.6593,0.1928,113.6,0.0205,0.1999,0.1928,0.1839,
/home/user/tesi/datasets/clic2020/train/karl-fredrickson-35017.png,clic_train,Balle2018,6,0.2174,38.987,0.2472,112.6,0.0227,0.2415,0.2472,0.2469,
/home/user/tesi/datasets/clic2020/train/kazuend-25771.png,clic_train,Balle2018,4,0.2593,33.0163,0.3305,70.2,0.0223,0.2476,0.1986,0.209,
/home/user/tesi/datasets/clic2020/train/kazuend-25774.png,clic_train,Balle2018,4,0.3569,32.2225,0.0485,48.6,0.0106,0.0368,0.0485,0.037,
/home/user/tesi/datasets/clic2020/train/kazuend-29733.png,clic_train,Balle2018,2,0.4072,7.9027,0.8297,57.8,0.0075,0.0236,0.0271,0.0203,
/home/user/tesi/datasets/clic2020/train/keith-misner-308.png,clic_train,Balle2018,4,0.3477,32.191,0.2995,69.7,0.0342,0.2119,0.1551,0.1414,
/home/user/tesi/datasets/clic2020/train/keith-misner-778.png,clic_train,Balle2018,4,0.2699,33.1704,0.3962,70.7,0.0341,0.3422,0.2832,0.2741,
/home/user/tesi/datasets/clic2020/train/keith-wickramasekara-97976.png,clic_train,Balle2018,4,0.2323,33.3169,0.3384,72.2,0.0187,0.2668,0.1226,0.1254,
/home/user/tesi/datasets/clic2020/train/kelly-sikkema-1910.png,clic_train,Balle2018,6,0.3084,38.7585,0.2307,124.9,0.0181,0.255,0.2307,0.2296,
/home/user/tesi/datasets/clic2020/train/kelly-sikkema-215.png,clic_train,Balle2018,2,0.2421,28.8676,0.2731,37.5,0.0097,0.1326,0.06,0.0491,
/home/user/tesi/datasets/clic2020/train/kenneth-thewissen-117.png,clic_train,Balle2018,2,0.2644,26.9173,0.4055,68.5,0.0279,0.137,0.0961,0.0909,
/home/user/tesi/datasets/clic2020/train/kim-daniel-371.png,clic_train,Balle2018,4,0.3172,34.6322,0.1684,69.7,0.0301,0.1357,0.1422,0.1289,
/home/user/tesi/datasets/clic2020/train/kim-daniel-594.png,clic_train,HEVC,45,0.2001,18.6184,0.6523,1274.7,0.0169,0.077,0.0289,0.0326,FALLBACK_MIN_BPP
/home/user/tesi/datasets/clic2020/train/kristian-karlsson-264.png,clic_train,Balle2018,6,0.3656,40.2181,0.1069,113.6,0.0235,0.1148,0.1069,0.1044,
/home/user/tesi/datasets/clic2020/train/kristian-karlsson-320.png,clic_train,Balle2018,6,0.1993,39.7308,0.2984,85.5,0.027,0.2813,0.2984,0.2928,
/home/user/tesi/datasets/clic2020/train/kundan-ramisetti-146.png,clic_train,Balle2018,2,0.3746,25.5568,0.2889,42.7,0.0163,0.1155,0.0744,0.0692,
/home/user/tesi/datasets/clic2020/train/kundan-ramisetti-96.png,clic_train,Balle2018,2,0.2664,26.7155,0.4044,29.7,0.0232,0.2185,0.1561,0.1378,
/home/user/tesi/datasets/clic2020/train/kyle-szegedi-8217.png,clic_train,Balle2018,4,0.4746,31.7545,0.2241,16.9,0.0206,0.1256,0.0766,0.0518,
/home/user/tesi/datasets/clic2020/train/lacey-raper-361.png,clic_train,Balle2018,2,0.2884,27.566,0.2399,69.4,0.0184,0.0818,0.0567,0.0431,
/home/user/tesi/datasets/clic2020/train/lance-asper-153769.png,clic_train,Balle2018,2,0.2823,10.7933,0.9165,52.0,0.0209,0.2128,0.1005,0.1049,
/home/user/tesi/datasets/clic2020/train/lechon-kirb-21832.png,clic_train,Balle2018,4,0.2625,31.9335,0.5253,58.6,0.0223,0.3561,0.1126,0.1167,
/home/user/tesi/datasets/clic2020/train/lee-miller-48144.png,clic_train,Balle2018,6,0.38,39.3723,0.2392,112.1,0.0322,0.2942,0.2392,0.2161,
/home/user/tesi/datasets/clic2020/train/lee-roylland-10260.png,clic_train,Balle2018,2,0.2556,27.932,0.2041,55.3,0.0209,0.1121,0.2041,0.0627,
/home/user/tesi/datasets/clic2020/train/leeroy-653.png,clic_train,Balle2018,2,0.3557,26.0348,0.3462,17.1,0.0195,0.1424,0.0291,0.023,
/home/user/tesi/datasets/clic2020/train/liane-metzler-29935.png,clic_train,Balle2018,4,0.4317,31.3318,0.2747,70.9,0.0155,0.241,0.1122,0.1348,
/home/user/tesi/datasets/clic2020/train/lili-popper-29464.png,clic_train,Balle2018,2,0.2777,7.6956,0.7547,57.3,0.0117,0.0675,0.719,0.0275,
/home/user/tesi/datasets/clic2020/train/linh-nguyen-164.png,clic_train,Balle2018,2,0.2185,29.0279,0.175,20.6,0.0118,0.0643,0.0523,0.044,
/home/user/tesi/datasets/clic2020/train/linh-nguyen-175.png,clic_train,Balle2018,2,0.4686,25.4525,0.2345,13.4,0.0141,0.0933,0.055,0.0521,
/home/user/tesi/datasets/clic2020/train/lionello-delpiccolo-100306.png,clic_train,Balle2018,6,0.2499,40.5032,0.1679,113.1,0.0197,0.1693,0.1679,0.1411,
/home/user/tesi/datasets/clic2020/train/loic-djim-94369.png,clic_train,Balle2018,2,0.2436,26.6847,0.5357,72.0,0.0098,0.2098,0.0316,0.0296,
/home/user/tesi/datasets/clic2020/train/london-scout-27289.png,clic_train,Balle2018,4,0.4124,32.9347,0.1547,70.2,0.0188,0.1292,0.0773,0.068,
/home/user/tesi/datasets/clic2020/train/london-scout-27290.png,clic_train,Balle2018,6,0.4409,38.8995,0.0982,115.4,0.0156,0.091,0.0982,0.0922,
/home/user/tesi/datasets/clic2020/train/loudge-402.png,clic_train,Balle2018,2,0.3055,26.4953,0.2831,12.7,0.0139,0.0554,0.0375,0.0283,
/home/user/tesi/datasets/clic2020/train/luca-bravo-186960.png,clic_train,Balle2018,4,0.2112,34.7302,0.07,65.8,0.0133,0.0417,0.07,0.0433,
/home/user/tesi/datasets/clic2020/train/lucas-lof-388.png,clic_train,Balle2018,4,0.2828,34.5956,0.1959,70.7,0.0244,0.1261,0.1135,0.0905,
/home/user/tesi/datasets/clic2020/train/lukas-budimaier-49074.png,clic_train,Balle2018,6,0.2206,41.2316,0.2103,105.8,0.0275,0.2232,0.2103,0.1923,
/home/user/tesi/datasets/clic2020/train/lukasz-szmigiel-413.png,clic_train,Balle2018,4,0.4298,32.8643,0.1853,27.9,0.0282,0.1273,0.0881,0.0688,
/home/user/tesi/datasets/clic2020/train/luke-chesser-48.png,clic_train,Balle2018,6,0.2244,41.4292,0.1047,79.2,0.0194,0.0824,0.1047,0.089,
/home/user/tesi/datasets/clic2020/train/luke-chesser-49.png,clic_train,Balle2018,6,0.1189,42.2766,0.2169,112.0,0.0415,0.158,0.2169,0.2065,
/home/user/tesi/datasets/clic2020/train/luke-pamer-26747.png,clic_train,Balle2018,4,0.2585,33.0389,0.2389,71.9,0.0417,0.1679,0.155,0.1352,
/home/user/tesi/datasets/clic2020/train/m-wrona-144338.png,clic_train,Balle2018,2,0.1209,31.1083,0.3528,62.1,0.0218,0.2082,0.1161,0.0963,
/home/user/tesi/datasets/clic2020/train/manuel-barroso-parejo-17159.png,clic_train,Balle2018,2,0.0676,37.0882,0.205,62.2,0.0168,0.1689,0.205,0.1855,
/home/user/tesi/datasets/clic2020/train/marcelo-quinan-37428.png,clic_train,Balle2018,4,0.1093,39.2371,0.1908,96.5,0.0238,0.1252,0.1467,0.1237,
/home/user/tesi/datasets/clic2020/train/marcelo-quinan-37429.png,clic_train,Balle2018,4,0.4407,33.1053,0.1317,71.7,0.0166,0.1461,0.0943,0.0906,
/home/user/tesi/datasets/clic2020/train/marcin-czerwinski-129.png,clic_train,Balle2018,2,0.2424,27.4395,0.4,59.7,0.0156,0.1586,0.1871,0.0517,
/home/user/tesi/datasets/clic2020/train/marco-bonomo-1930.png,clic_train,Balle2018,6,0.2763,37.9154,0.2976,107.7,0.0484,0.2627,0.2976,0.2816,
/home/user/tesi/datasets/clic2020/train/margaret-barley-42.png,clic_train,Balle2018,4,0.4745,34.3801,0.0634,9.9,0.0082,0.0539,0.0281,0.024,
/home/user/tesi/datasets/clic2020/train/margot-pandone-2309.png,clic_train,Balle2018,2,0.0456,37.7478,0.2403,62.7,0.0451,0.2069,0.2403,0.2177,
/home/user/tesi/datasets/clic2020/train/maria-victoria-heredia-reyes-20882.png,clic_train,JPEG,60,0.3111,40.8795,0.1179,142.0,0.0307,0.1371,0.1864,0.1383,
/home/user/tesi/datasets/clic2020/train/mark-basarab-157611.png,clic_train,Balle2018,4,0.3092,24.6606,0.3136,58.0,0.0232,0.1733,0.3136,0.1246,
/home/user/tesi/datasets/clic2020/train/martin-wessely-212.png,clic_train,Balle2018,2,0.4828,23.9027,0.1766,18.3,0.0087,0.0533,0.1766,0.0187,
/home/user/tesi/datasets/clic2020/train/martin-wessely-243.png,clic_train,Balle2018,2,0.2553,26.9815,0.2984,16.9,0.0195,0.0958,0.1196,0.0504,
/home/user/tesi/datasets/clic2020/train/mathew-macquarrie-91468.png,clic_train,Balle2018,2,0.3838,8.2055,0.8903,52.7,0.0191,0.1623,0.4949,0.0788,
/home/user/tesi/datasets/clic2020/train/matt-benson-7408.png,clic_train,Balle2018,2,0.4393,16.8647,0.786,65.7,0.0236,0.1366,0.1357,0.0482,
/home/user/tesi/datasets/clic2020/train/matt-benson-7409.png,clic_train,HEVC,45,0.1771,19.3949,0.5409,1094.0,0.0098,0.0484,0.0389,0.0104,FALLBACK_MIN_BPP
/home/user/tesi/datasets/clic2020/train/matt-jones-67226.png,clic_train,Balle2018,4,0.4202,32.3587,0.2055,72.7,0.0269,0.1834,0.1137,0.1069,
/home/user/tesi/datasets/clic2020/train/matteo-minelli-134.png,clic_train,Balle2018,4,0.4077,10.0254,0.74,61.9,0.0317,0.1264,0.74,0.112,
/home/user/tesi/datasets/clic2020/train/matteo-paganelli-39971.png,clic_train,Balle2018,4,0.1262,38.7114,0.1984,66.5,0.0198,0.1351,0.1984,0.1461,
/home/user/tesi/datasets/clic2020/train/matthew-clark-616.png,clic_train,Balle2018,6,0.2346,39.6087,0.2397,64.6,0.0416,0.1858,0.2397,0.2189,
/home/user/tesi/datasets/clic2020/train/matthew-henry-14221.png,clic_train,Balle2018,6,0.2207,40.0687,0.1937,114.2,0.0207,0.1819,0.1937,0.1899,
/home/user/tesi/datasets/clic2020/train/matthew-henry-1438.png,clic_train,Balle2018,6,0.4868,40.094,0.0219,114.3,0.0024,0.0999,0.0219,0.0197,
/home/user/tesi/datasets/clic2020/train/matthew-henry-300.png,clic_train,Balle2018,2,0.2757,27.2776,0.2093,72.5,0.0125,0.0835,0.0561,0.0484,
/home/user/tesi/datasets/clic2020/train/matthew-henry-56066.png,clic_train,Balle2018,6,0.2293,41.4825,0.112,112.4,0.0347,0.1076,0.112,0.0939,
/home/user/tesi/datasets/clic2020/train/matthew-henry-6205.png,clic_train,Balle2018,6,0.3014,39.8052,0.1479,115.2,0.03,0.1471,0.1479,0.1418,
/home/user/tesi/datasets/clic2020/train/matthew-henry-82940.png,clic_train,Balle2018,6,0.1712,42.5428,0.0975,114.6,0.0324,0.0903,0.0975,0.0887,
/home/user/tesi/datasets/clic2020/train/matthew-kane-121134.png,clic_train,Balle2018,2,0.1718,10.0109,1.1284,58.0,0.0338,0.2436,0.4655,0.115,
/home/user/tesi/datasets/clic2020/train/matthew-skinner-196.png,clic_train,Balle2018,2,0.2495,29.0105,0.2003,11.5,0.0125,0.083,0.0602,0.047,
/home/user/tesi/datasets/clic2020/train/maxime-le-conte-des-floris-151374.png,clic_train,Balle2018,6,0.4345,39.0709,0.0832,49.0,0.0133,0.1044,0.0832,0.0703,
/home/user/tesi/datasets/clic2020/train/mcdobbie-hu-12791.png,clic_train,Balle2018,2,0.4189,11.254,0.8987,53.1,0.0404,0.121,0.3064,0.0349,
/home/user/tesi/datasets/clic2020/train/mia-domenico-455.png,clic_train,Balle2018,4,0.1207,35.2958,0.4406,58.2,0.0287,0.3947,0.4406,0.3687,
/home/user/tesi/datasets/clic2020/train/micah-h-18872.png,clic_train,Balle2018,4,0.3424,33.3459,0.3172,42.0,0.0268,0.2216,0.2162,0.1969,
/home/user/tesi/datasets/clic2020/train/michael-221247.png,clic_train,JPEG,90,0.3984,48.538,0.0049,108.7,0.0049,0.026,0.0333,0.0247,
/home/user/tesi/datasets/clic2020/train/michael-hacker-142262.png,clic_train,Balle2018,2,0.2721,26.6261,0.2382,65.4,0.0139,0.1095,0.1364,0.072,
/home/user/tesi/datasets/clic2020/train/mickey-o-neil-40131.png,clic_train,Balle2018,2,0.1965,28.2086,0.4363,59.3,0.0234,0.1655,0.2555,0.1271,
/home/user/tesi/datasets/clic2020/train/mika-ruusunen-683.png,clic_train,Balle2018,2,0.3281,28.9038,0.0252,72.0,0.0009,0.0257,0.0069,0.0061,
/home/user/tesi/datasets/clic2020/train/mikael-kristenson-13641.png,clic_train,Balle2018,4,0.4572,32.9565,0.1402,71.3,0.0178,0.1402,0.077,0.0756,
/home/user/tesi/datasets/clic2020/train/mike-petrucci-25087.png,clic_train,Balle2018,2,0.2991,27.4274,0.2518,54.1,0.0104,0.1071,0.0537,0.0457,
/home/user/tesi/datasets/clic2020/train/mike-wilson-111578.png,clic_train,Balle2018,4,0.3852,32.6511,0.0469,74.3,0.0067,0.0405,0.0266,0.0269,
/home/user/tesi/datasets/clic2020/train/mike-wilson-140883.png,clic_train,Balle2018,4,0.4129,33.1868,0.0754,84.5,0.0166,0.0537,0.0542,0.0454,
/home/user/tesi/datasets/clic2020/train/modestas-urbonas-14752.png,clic_train,Balle2018,4,0.4122,33.6655,0.1186,30.5,0.0133,0.0999,0.0706,0.0628,
/home/user/tesi/datasets/clic2020/train/modestas-urbonas-14753.png,clic_train,Balle2018,2,0.3591,25.0468,0.3046,29.7,0.0158,0.1777,0.1051,0.1001,
/home/user/tesi/datasets/clic2020/train/monstruo-estudio-573.png,clic_train,JPEG,30,0.4585,30.85,0.1185,46.5,0.0159,0.1018,0.0839,0.069,
/home/user/tesi/datasets/clic2020/train/morgan-sessions-543.png,clic_train,Balle2018,6,0.3367,38.668,0.2643,113.7,0.0228,0.2516,0.2643,0.2596,
/home/user/tesi/datasets/clic2020/train/morgan-sessions-6255.png,clic_train,Balle2018,4,0.0819,40.0068,0.2489,62.5,0.0308,0.1941,0.2489,0.2204,
/home/user/tesi/datasets/clic2020/train/mr-cup-fabien-barral-86074.png,clic_train,Balle2018,6,0.3221,39.7404,0.1083,114.9,0.0128,0.1269,0.1083,0.1033,
/home/user/tesi/datasets/clic2020/train/mr-lee-603.png,clic_train,Balle2018,6,0.1466,43.5987,0.097,113.1,0.0128,0.1158,0.097,0.0927,
/home/user/tesi/datasets/clic2020/train/mr-marco-614.png,clic_train,Balle2018,4,0.4681,31.3937,0.2159,74.8,0.0311,0.1159,0.1202,0.084,
/home/user/tesi/datasets/clic2020/train/nadir-balcikli-118.png,clic_train,Balle2018,6,0.1012,44.0643,0.0756,73.5,0.0086,0.0817,0.0756,0.0743,
/home/user/tesi/datasets/clic2020/train/nasa-43567.png,clic_train,Balle2018,4,0.2025,32.1579,0.6185,69.4,0.0197,0.3925,0.1553,0.2007,
/home/user/tesi/datasets/clic2020/train/nasa-43569.png,clic_train,HEVC,45,0.2351,19.4333,0.4936,1193.3,0.0192,0.0645,0.0299,0.028,FALLBACK_MIN_BPP
/home/user/tesi/datasets/clic2020/train/nasa-43979.png,clic_train,Balle2018,2,0.3017,27.7136,0.2621,57.3,0.0306,0.1587,0.1687,0.1011,
/home/user/tesi/datasets/clic2020/train/nasa-53887.png,clic_train,Balle2018,2,0.3586,26.5746,0.4658,37.1,0.0313,0.2082,0.0545,0.0459,
/home/user/tesi/datasets/clic2020/train/nasa-89125.png,clic_train,Balle2018,4,0.136,32.1174,0.4647,99.1,0.0689,0.2566,0.3552,0.333,
/home/user/tesi/datasets/clic2020/train/nathan-anderson-158078.png,clic_train,Balle2018,6,0.3944,39.0311,0.197,119.6,0.0375,0.1864,0.197,0.1749,
/home/user/tesi/datasets/clic2020/train/nathan-anderson-158541.png,clic_train,Balle2018,2,0.1903,26.974,0.4994,75.7,0.0284,0.1662,0.0484,0.0558,
/home/user/tesi/datasets/clic2020/train/neil-thomas-5889.png,clic_train,Balle2018,6,0.2371,39.9758,0.1494,113.3,0.0256,0.1228,0.1494,0.1301,
/home/user/tesi/datasets/clic2020/train/nelly-volkovich-16093.png,clic_train,Balle2018,4,0.2442,33.6035,0.363,71.0,0.0286,0.256,0.175,0.1676,
/home/user/tesi/datasets/clic2020/train/nicholas-swanson-56.png,clic_train,Balle2018,6,0.4391,38.3792,0.1774,74.6,0.0186,0.173,0.1774,0.1644,
/home/user/tesi/datasets/clic2020/train/nicholas-swanson-60.png,clic_train,Balle2018,2,0.2385,28.9842,0.2651,51.9,0.0167,0.1445,0.2651,0.0798,
/home/user/tesi/datasets/clic2020/train/nicholas-swanson-65.png,clic_train,Balle2018,4,0.2611,35.1499,0.2048,51.6,0.0327,0.163,0.2048,0.1079,
/home/user/tesi/datasets/clic2020/train/nick-scheerbart-15636.png,clic_train,Balle2018,2,0.2757,25.8983,0.3549,70.5,0.0176,0.1551,0.1066,0.0962,
/home/user/tesi/datasets/clic2020/train/nick-scheerbart-32085.png,clic_train,Balle2018,4,0.2666,35.1939,0.1878,70.3,0.0241,0.0968,0.0985,0.0751,
/home/user/tesi/datasets/clic2020/train/nick-wilkes-490.png,clic_train,JPEG,60,0.4511,38.1405,0.2696,141.9,0.0224,0.4134,0.3629,0.3691,
/home/user/tesi/datasets/clic2020/train/nicolai-berntsen-8741.png,clic_train,Balle2018,2,0.2383,29.6529,0.2223,63.2,0.0114,0.1267,0.2223,0.0725,
/home/user/tesi/datasets/clic2020/train/nicomiot-photographies-54150.png,clic_train,Balle2018,4,0.3625,33.8511,0.1617,16.3,0.0225,0.1305,0.1142,0.1127,
/home/user/tesi/datasets/clic2020/train/nigel-lo-550.png,clic_train,Balle2018,6,0.391,38.6354,0.1142,125.5,0.0206,0.1073,0.1142,0.1092,
/home/user/tesi/datasets/clic2020/train/nitish-kadam-34748.png,clic_train,Balle2018,6,0.1332,44.4755,0.0873,108.2,0.0111,0.0644,0.0873,0.0751,
/home/user/tesi/datasets/clic2020/train/noah-basle-25980.png,clic_train,Balle2018,6,0.2501,40.7885,0.1024,111.7,0.0125,0.0913,0.1024,0.0983,
/home/user/tesi/datasets/clic2020/train/noah-kuhn-27481.png,clic_train,Balle2018,4,0.2026,34.1119,0.3247,54.7,0.0174,0.2595,0.3247,0.1974,
/home/user/tesi/datasets/clic2020/train/noah-rosenfield-41197.png,clic_train,Balle2018,6,0.2885,41.7933,0.0929,119.3,0.0057,0.138,0.0929,0.0808,
/home/user/tesi/datasets/clic2020/train/noe-araujo-721.png,clic_train,Balle2018,4,0.3779,32.6205,0.1883,46.2,0.0121,0.1491,0.0904,0.0801,
/home/user/tesi/datasets/clic2020/train/noel-lopez-170.png,clic_train,Balle2018,4,0.4103,32.3633,0.1323,27.9,0.0129,0.0997,0.078,0.0743,
/home/user/tesi/datasets/clic2020/train/noel-lopez-171.png,clic_train,Balle2018,4,0.4458,32.6985,0.2173,29.8,0.0187,0.1914,0.0653,0.0563,
/home/user/tesi/datasets/clic2020/train/oleg-chursin-44.png,clic_train,Balle2018,2,0.2286,28.1894,0.2088,10.4,0.0059,0.1475,0.0745,0.0699,
/home/user/tesi/datasets/clic2020/train/olivier-miche-76298.png,clic_train,Balle2018,6,0.1323,43.3542,0.2094,112.4,0.0164,0.2253,0.2094,0.2095,
/home/user/tesi/datasets/clic2020/train/oscar-nilsson-398.png,clic_train,Balle2018,6,0.3594,40.5824,0.0249,115.8,0.0098,0.0304,0.0249,0.0197,
/home/user/tesi/datasets/clic2020/train/oskar-krawczyk-172847.png,clic_train,Balle2018,6,0.3937,39.5126,0.0927,125.3,0.0141,0.1053,0.0927,0.0752,
/home/user/tesi/datasets/clic2020/train/owen-walters-471.png,clic_train,Balle2018,4,0.2468,34.5014,0.2391,39.1,0.0204,0.2226,0.1286,0.1169,
/home/user/tesi/datasets/clic2020/train/ozark-drones-21024.png,clic_train,Balle2018,2,0.1794,27.7094,0.6733,73.5,0.0377,0.2828,0.0619,0.0608,
/home/user/tesi/datasets/clic2020/train/pablo-garcia-saldana-27620.png,clic_train,Balle2018,6,0.2439,40.9213,0.1992,110.6,0.0324,0.1699,0.1992,0.1924,
/home/user/tesi/datasets/clic2020/train/parker-gibbs-783.png,clic_train,Balle2018,4,0.3229,33.7297,0.2904,63.8,0.032,0.2206,0.2904,0.2102,
/home/user/tesi/datasets/clic2020/train/patrick-tomasso-71909.png,clic_train,Balle2018,2,0.267,28.4731,0.1997,69.0,0.0094,0.1084,0.0321,0.0279,
/home/user/tesi/datasets/clic2020/train/patrik-gothe-444.png,clic_train,Balle2018,6,0.3589,40.0224,0.0742,117.1,0.0117,0.0733,0.0742,0.0667,
/home/user/tesi/datasets/clic2020/train/patryk-sobczak-1726.png,clic_train,Balle2018,4,0.2716,35.3137,0.0948,17.9,0.014,0.0751,0.0552,0.0471,
/home/user/tesi/datasets/clic2020/train/paul-earle-39322.png,clic_train,JPEG,90,0.485,48.1331,0.0153,142.7,0.0153,0.0606,0.0939,0.0751,
/home/user/tesi/datasets/clic2020/train/paul-evans-74.png,clic_train,Balle2018,4,0.4897,31.6885,0.2465,26.8,0.0155,0.2077,0.1032,0.1125,
/home/user/tesi/datasets/clic2020/train/paul-gilmore-184255.png,clic_train,Balle2018,2,0.4078,8.9278,0.7801,58.0,0.0082,0.042,0.6834,0.0219,
/home/user/tesi/datasets/clic2020/train/paul-gilmore-97770.png,clic_train,Balle2018,2,0.3579,11.0426,0.8762,57.3,0.0211,0.17,0.3971,0.0693,
/home/user/tesi/datasets/clic2020/train/paul-jarvis-11.png,clic_train,Balle2018,2,0.4275,24.1261,0.3946,29.4,0.0167,0.2421,0.2146,0.2219,
/home/user/tesi/datasets/clic2020/train/paul-jarvis-13.png,clic_train,Balle2018,2,0.3677,25.0205,0.5052,29.3,0.0211,0.1669,0.0534,0.0728,
/home/user/tesi/datasets/clic2020/train/paul-jarvis-15.png,clic_train,Balle2018,4,0.4184,32.7179,0.2086,30.1,0.0212,0.2049,0.1756,0.178,
/home/user/tesi/datasets/clic2020/train/paul-jarvis-16.png,clic_train,Balle2018,4,0.4807,32.997,0.1673,29.6,0.0223,0.1503,0.1175,0.1119,
/home/user/tesi/datasets/clic2020/train/paul-jarvis-19.png,clic_train,Balle2018,2,0.3101,27.6972,0.3031,29.1,0.0221,0.1359,0.0675,0.0596,
/home/user/tesi/datasets/clic2020/train/paul-jarvis-217.png,clic_train,Balle2018,2,0.3118,26.481,0.3983,29.2,0.0218,0.2944,0.144,0.1697,
/home/user/tesi/datasets/clic2020/train/paul-morris-171434.png,clic_train,Balle2018,4,0.1503,34.068,0.4664,72.1,0.0303,0.3896,0.299,0.3476,
/home/user/tesi/datasets/clic2020/train/paul-proshin-468.png,clic_train,Balle2018,2,0.2131,11.3524,0.7752,26.9,0.012,0.2778,0.6169,0.0593,
/home/user/tesi/datasets/clic2020/train/paula-borowska-216.png,clic_train,Balle2018,6,0.3156,39.2908,0.2394,85.0,0.0282,0.2039,0.2394,0.2082,
/home/user/tesi/datasets/clic2020/train/paula-borowska-3938.png,clic_train,Balle2018,4,0.4261,33.4095,0.1457,53.0,0.0232,0.1348,0.1457,0.0584,
/home/user/tesi/datasets/clic2020/train/paula-porto-36696.png,clic_train,Balle2018,4,0.2653,35.1001,0.1745,68.4,0.0239,0.1134,0.1214,0.1085,
/home/user/tesi/datasets/clic2020/train/paulo-simoes-mendes-1249.png,clic_train,Balle2018,2,0.2384,28.6882,0.3537,39.9,0.0161,0.2071,0.1247,0.1163,
/home/user/tesi/datasets/clic2020/train/paulo-simoes-mendes-33354.png,clic_train,Balle2018,4,0.464,30.1651,0.3335,41.4,0.0392,0.1918,0.1469,0.1195,
/home/user/tesi/datasets/clic2020/train/pawel-kadysz-3294.png,clic_train,Balle2018,6,0.4963,37.3837,0.169,125.6,0.0236,0.2176,0.169,0.1604,
/home/user/tesi/datasets/clic2020/train/pawel-kadysz-3295.png,clic_train,Balle2018,2,0.2292,27.8571,0.2531,74.4,0.0269,0.125,0.0773,0.0741,
/home/user/tesi/datasets/clic2020/train/peter-besser-132.png,clic_train,Balle2018,2,0.3749,26.1829,0.3573,17.5,0.0156,0.1346,0.0374,0.0442,
/home/user/tesi/datasets/clic2020/train/peter-hershey-177645.png,clic_train,Balle2018,4,0.2436,33.8567,0.4401,70.7,0.024,0.4229,0.3369,0.3572,
/home/user/tesi/datasets/clic2020/train/petradr-168.png,clic_train,Balle2018,6,0.2917,40.5816,0.1084,60.8,0.0155,0.1011,0.1084,0.104,
/home/user/tesi/datasets/clic2020/train/philipp-reiner-317.png,clic_train,Balle2018,2,0.2396,27.9229,0.2784,65.2,0.0108,0.1574,0.132,0.0392,
/home/user/tesi/datasets/clic2020/train/picseli-13574.png,clic_train,Balle2018,2,0.13,27.9876,0.5604,59.0,0.0381,0.1216,0.5604,0.0572,
/home/user/tesi/datasets/clic2020/train/picseli-6726.png,clic_train,Balle2018,6,0.3051,41.6488,0.0987,127.6,0.0211,0.1133,0.0987,0.0937,
/home/user/tesi/datasets/clic2020/train/pierre-bouillot-29023.png,clic_train,Balle2018,2,0.2511,25.5744,0.17,66.3,0.0259,0.052,0.17,0.0417,
/home/user/tesi/datasets/clic2020/train/pierre-bouillot-29065.png,clic_train,Balle2018,2,0.3648,25.9159,0.2244,70.2,0.0155,0.0986,0.0533,0.0479,
/home/user/tesi/datasets/clic2020/train/pineapple-supply-co-54478.png,clic_train,Balle2018,4,0.2582,34.4349,0.2902,69.6,0.0264,0.2264,0.2364,0.2363,
/home/user/tesi/datasets/clic2020/train/pineapple-supply-co-56454.png,clic_train,Balle2018,2,0.3478,25.5407,0.4523,74.0,0.0254,0.1502,0.021,0.0229,
/home/user/tesi/datasets/clic2020/train/piotr-kwiatkowski-354.png,clic_train,Balle2018,4,0.4202,33.9998,0.0842,71.0,0.0099,0.0664,0.0842,0.0367,
/home/user/tesi/datasets/clic2020/train/por7o-419.png,clic_train,Balle2018,4,0.3273,8.2352,0.7839,48.9,0.0144,0.1064,0.0765,0.0609,
/home/user/tesi/datasets/clic2020/train/pujohn-das-110287.png,clic_train,Balle2018,4,0.343,34.7734,0.0715,65.8,0.0068,0.0626,0.0715,0.0463,
/home/user/tesi/datasets/clic2020/train/rafael-fabricio-351.png,clic_train,Balle2018,2,0.1593,11.2355,0.9856,62.6,0.0251,0.2914,0.1667,0.2218,
/home/user/tesi/datasets/clic2020/train/ray-hennessy-118048.png,clic_train,Balle2018,6,0.4309,37.1576,0.345,114.5,0.0293,0.3705,0.345,0.3468,
/home/user/tesi/datasets/clic2020/train/ray-hennessy-139969.png,clic_train,Balle2018,6,0.1811,41.9152,0.2452,111.3,0.0318,0.198,0.2452,0.233,
/home/user/tesi/datasets/clic2020/train/raybay-382.png,clic_train,Balle2018,4,0.3483,34.4132,0.1498,53.0,0.0141,0.1206,0.1498,0.0808,
/home/user/tesi/datasets/clic2020/train/rebecca-johnston-17130.png,clic_train,Balle2018,4,0.4472,33.7019,0.1658,44.9,0.0212,0.1403,0.083,0.0784,
/home/user/tesi/datasets/clic2020/train/redd-angelo-70553.png,clic_train,Balle2018,4,0.3934,34.0167,0.1038,34.9,0.0078,0.145,0.0576,0.0531,
/home/user/tesi/datasets/clic2020/train/ricardo-gomez-angel-180819.png,clic_train,Balle2018,2,0.2522,10.3198,0.6539,62.6,0.0075,0.0393,0.6539,0.0268,
/home/user/tesi/datasets/clic2020/train/richard-loader-31932.png,clic_train,HEVC,45,0.2236,16.7008,0.8214,504.1,0.0031,0.1246,0.022,0.0289,FALLBACK_MIN_BPP
/home/user/tesi/datasets/clic2020/train/rick-waalders-123.png,clic_train,Balle2018,4,0.4455,32.1855,0.1347,12.6,0.0288,0.0774,0.0581,0.0482,
/home/user/tesi/datasets/clic2020/train/rick-waalders-124.png,clic_train,Balle2018,2,0.2337,27.6238,0.3194,12.0,0.0156,0.1347,0.1418,0.0572,
/home/user/tesi/datasets/clic2020/train/rob-bye-55418.png,clic_train,Balle2018,4,0.4738,32.6361,0.1605,52.5,0.021,0.1429,0.1605,0.0711,
/home/user/tesi/datasets/clic2020/train/rob-potvin-420.png,clic_train,Balle2018,6,0.4615,39.713,0.0873,113.5,0.0124,0.1254,0.0873,0.0739,
/home/user/tesi/datasets/clic2020/train/robson-hatsukami-morgan-116208.png,clic_train,Balle2018,6,0.3759,37.9925,0.2819,112.4,0.0225,0.3381,0.2819,0.2856,
/home/user/tesi/datasets/clic2020/train/rodrigo-melo-32.png,clic_train,Balle2018,2,0.2582,27.8091,0.3933,74.9,0.0182,0.201,0.0897,0.0807,
/home/user/tesi/datasets/clic2020/train/roman-arkhipov-123618.png,clic_train,Balle2018,6,0.4643,39.1251,0.0717,115.4,0.0135,0.0783,0.0717,0.056,
/home/user/tesi/datasets/clic2020/train/roman-kraft-27340.png,clic_train,Balle2018,4,0.2574,34.3881,0.2014,69.7,0.0077,0.1873,0.1492,0.1532,
/home/user/tesi/datasets/clic2020/train/rosan-harmens-18703.png,clic_train,Balle2018,2,0.2573,28.0489,0.4262,67.7,0.0301,0.3101,0.2757,0.2779,
/home/user/tesi/datasets/clic2020/train/rowan-heuvel-20502.png,clic_train,Balle2018,4,0.1015,40.2434,0.0844,76.0,0.0183,0.0671,0.0844,0.081,
/home/user/tesi/datasets/clic2020/train/ruben-dos-santos-1938.png,clic_train,Balle2018,6,0.4554,38.5828,0.1268,96.3,0.0245,0.1138,0.1268,0.0971,
/home/user/tesi/datasets/clic2020/train/rula-sibai-97.png,clic_train,Balle2018,4,0.2573,34.0157,0.1936,41.3,0.0231,0.139,0.1447,0.1431,
/home/user/tesi/datasets/clic2020/train/ruxandra-mateiu-421.png,clic_train,Balle2018,4,0.1195,34.2134,0.5442,66.9,0.0282,0.3628,0.2786,0.3218,
/home/user/tesi/datasets/clic2020/train/ry-van-362.png,clic_train,Balle2018,6,0.2844,39.6382,0.2051,111.7,0.035,0.2198,0.2051,0.1851,
/home/user/tesi/datasets/clic2020/train/ryan-pohanic-13342.png,clic_train,Balle2018,2,0.4158,25.8676,0.2273,70.4,0.0311,0.1216,0.0499,0.0546,
/home/user/tesi/datasets/clic2020/train/ryan-tauss-795.png,clic_train,Balle2018,6,0.2152,38.9227,0.3375,115.4,0.0383,0.3445,0.3375,0.3327,
/home/user/tesi/datasets/clic2020/train/sam-wheeler-2303.png,clic_train,Balle2018,2,0.2422,26.7107,0.3632,46.4,0.0256,0.1291,0.0703,0.0614,
/home/user/tesi/datasets/clic2020/train/samsommer-76472.png,clic_train,Balle2018,2,0.1946,28.9214,0.188,65.7,0.0113,0.122,0.1817,0.0765,
/home/user/tesi/datasets/clic2020/train/samuel-rohl-412.png,clic_train,Balle2018,4,0.4703,32.6191,0.1865,73.3,0.0216,0.1527,0.0946,0.0726,
/home/user/tesi/datasets/clic2020/train/samuel-scrimshaw-76646.png,clic_train,Balle2018,2,0.4013,26.1295,0.2881,72.1,0.0224,0.1341,0.0309,0.0307,
/home/user/tesi/datasets/clic2020/train/samuel-zeller-1609.png,clic_train,Balle2018,4,0.4074,32.0395,0.2305,72.1,0.0077,0.2217,0.1005,0.1088,
/home/user/tesi/datasets/clic2020/train/samuel-zeller-72120.png,clic_train,Balle2018,4,0.2783,34.5742,0.1316,69.9,0.0171,0.1161,0.0773,0.0701,
/home/user/tesi/datasets/clic2020/train/samuel-zeller-88483.png,clic_train,Balle2018,4,0.3415,33.0913,0.2862,70.6,0.0268,0.22,0.1393,0.1243,
/home/user/tesi/datasets/clic2020/train/sander-weeteling-88.png,clic_train,Balle2018,4,0.2008,35.9353,0.2172,64.8,0.0247,0.1518,0.2172,0.148,
/home/user/tesi/datasets/clic2020/train/sarah-burvenich-745.png,clic_train,Balle2018,2,0.3673,26.7253,0.2646,70.0,0.0161,0.1278,0.0507,0.0421,
/home/user/tesi/datasets/clic2020/train/saul-cuellar-21764.png,clic_train,Balle2018,4,0.2292,34.1802,0.2675,77.1,0.0173,0.2013,0.1608,0.1524,
/home/user/tesi/datasets/clic2020/train/scott-webb-56901.png,clic_train,Balle2018,2,0.2367,28.9127,0.2727,68.5,0.019,0.1285,0.2727,0.0664,
/home/user/tesi/datasets/clic2020/train/sebastian-unrau-31874.png,clic_train,Balle2018,2,0.1414,30.1847,0.4754,63.8,0.0347,0.2397,0.4754,0.1246,
/home/user/tesi/datasets/clic2020/train/sebastian-unrau-41675.png,clic_train,Balle2018,2,0.2736,27.487,0.3942,60.7,0.0288,0.155,0.3942,0.0618,
/home/user/tesi/datasets/clic2020/train/sebastien-gabriel-13684.png,clic_train,Balle2018,4,0.2703,34.8099,0.0995,70.6,0.018,0.0756,0.0537,0.0475,
/home/user/tesi/datasets/clic2020/train/sebastien-gabriel-14597.png,clic_train,Balle2018,4,0.2715,35.6119,0.132,73.1,0.0155,0.0975,0.0848,0.0713,
/home/user/tesi/datasets/clic2020/train/sebastien-marchand-9747.png,clic_train,Balle2018,2,0.3125,25.755,0.442,40.4,0.0348,0.1487,0.0578,0.0474,
/home/user/tesi/datasets/clic2020/train/sergee-bee-6680.png,clic_train,Balle2018,2,0.2883,9.2589,0.7904,52.9,0.0209,0.1491,0.0968,0.0772,
/home/user/tesi/datasets/clic2020/train/sergei-akulich-39027.png,clic_train,Balle2018,4,0.3723,33.8524,0.1518,71.2,0.0189,0.1536,0.1006,0.0999,
/home/user/tesi/datasets/clic2020/train/sergio-rola-38758.png,clic_train,Balle2018,2,0.2621,5.4764,0.8581,66.3,0.0064,0.0071,0.8581,0.0346,
/home/user/tesi/datasets/clic2020/train/seth-doyle-133177.png,clic_train,Balle2018,6,0.4541,38.2697,0.1748,116.0,0.0277,0.216,0.1748,0.1515,
/home/user/tesi/datasets/clic2020/train/shawnn-tan-265187.png,clic_train,Balle2018,2,0.0705,24.7019,0.3665,56.1,0.0189,0.1444,0.3665,0.0871,
/home/user/tesi/datasets/clic2020/train/siddharth-kothari-417.png,clic_train,Balle2018,4,0.3001,34.5536,0.211,38.7,0.0257,0.1362,0.1164,0.0847,
/home/user/tesi/datasets/clic2020/train/simon-schmitt-29709.png,clic_train,Balle2018,4,0.2809,33.5968,0.3161,71.0,0.038,0.2469,0.2089,0.1806,
/home/user/tesi/datasets/clic2020/train/skyler-smith-25745.png,clic_train,Balle2018,2,0.2599,29.78,0.1295,53.0,0.0057,0.0637,0.1295,0.0308,
/home/user/tesi/datasets/clic2020/train/sonja-langford-325.png,clic_train,Balle2018,2,0.2504,28.3539,0.3395,64.6,0.0224,0.1534,0.2047,0.0735,
/home/user/tesi/datasets/clic2020/train/sonja-langford-974.png,clic_train,Balle2018,4,0.1852,37.664,0.0863,64.0,0.008,0.071,0.0863,0.0573,
/home/user/tesi/datasets/clic2020/train/spacex-81773.png,clic_train,Balle2018,4,0.2546,34.9151,0.1768,39.4,0.0227,0.1569,0.0886,0.0753,
/home/user/tesi/datasets/clic2020/train/stale-grut-14863.png,clic_train,Balle2018,2,0.4062,24.794,0.2283,70.9,0.0134,0.0708,0.0408,0.0363,
/home/user/tesi/datasets/clic2020/train/stefan-kunze-16862.png,clic_train,Balle2018,6,0.3079,40.0107,0.1784,115.7,0.0172,0.2864,0.1784,0.1665,
/home/user/tesi/datasets/clic2020/train/stefan-kunze-26924.png,clic_train,Balle2018,4,0.2632,35.0588,0.188,69.1,0.0241,0.17,0.0867,0.0745,
/home/user/tesi/datasets/clic2020/train/stefan-kunze-26928.png,clic_train,Balle2018,2,0.2503,27.4196,0.3312,69.4,0.0244,0.1251,0.0779,0.0628,
/home/user/tesi/datasets/clic2020/train/stefan-ringler-13140.png,clic_train,Balle2018,4,0.211,33.6702,0.3488,72.7,0.0288,0.2762,0.2392,0.241,
/home/user/tesi/datasets/clic2020/train/stefanus-martanto-setyo-husodo-14699.png,clic_train,Balle2018,6,0.4213,39.3849,0.0738,116.6,0.0133,0.0842,0.0738,0.0691,
/home/user/tesi/datasets/clic2020/train/stephen-radford-27354.png,clic_train,Balle2018,4,0.3564,32.9436,0.2527,39.8,0.026,0.1281,0.0648,0.0509,
/home/user/tesi/datasets/clic2020/train/steve-carter-68574.png,clic_train,Balle2018,2,0.3173,26.1648,0.4133,58.4,0.0209,0.2193,0.2138,0.0875,
/home/user/tesi/datasets/clic2020/train/steve-richey-141.png,clic_train,HEVC,45,0.1562,19.1635,0.6236,1100.3,0.0065,0.0971,0.5367,0.0093,FALLBACK_MIN_BPP
/home/user/tesi/datasets/clic2020/train/steve-richey-7216.png,clic_train,Balle2018,2,0.4127,24.4461,0.3493,71.3,0.0028,0.1662,0.032,0.0274,
/home/user/tesi/datasets/clic2020/train/steven-lewis-555.png,clic_train,Balle2018,2,0.2351,12.2864,0.6823,52.8,0.0217,0.2315,0.261,0.1039,
/home/user/tesi/datasets/clic2020/train/sudarshan-bhat-31099.png,clic_train,Balle2018,4,0.4147,33.0714,0.1076,58.4,0.0159,0.0713,0.1076,0.0406,
/home/user/tesi/datasets/clic2020/train/susanne-feldt-12790.png,clic_train,Balle2018,6,0.1317,43.0285,0.1493,109.5,0.0252,0.094,0.1493,0.1407,
/home/user/tesi/datasets/clic2020/train/sven-scheuermeier-37377.png,clic_train,JPEG,30,0.4874,31.5883,0.2389,104.0,0.03,0.2171,0.1486,0.1217,
/home/user/tesi/datasets/clic2020/train/sven-schlager-758.png,clic_train,Balle2018,2,0.4021,7.0859,0.8295,17.5,0.0135,0.0539,0.1023,0.031,
/home/user/tesi/datasets/clic2020/train/sweet-ice-cream-photography-83915.png,clic_train,Balle2018,6,0.2656,39.2385,0.34,113.2,0.0581,0.2309,0.34,0.296,
/home/user/tesi/datasets/clic2020/train/sylwia-bartyzel-199.png,clic_train,Balle2018,6,0.293,40.578,0.1215,79.2,0.0263,0.1285,0.1215,0.1002,
/home/user/tesi/datasets/clic2020/train/sylwia-bartyzel-502.png,clic_train,Balle2018,2,0.4605,26.0021,0.1168,19.5,0.0077,0.0475,0.0265,0.0204,
/home/user/tesi/datasets/clic2020/train/talia-cohen-1811.png,clic_train,Balle2018,4,0.1429,33.1682,0.389,66.3,0.025,0.3461,0.389,0.2553,
/home/user/tesi/datasets/clic2020/train/taylor-jacobs-25060.png,clic_train,Balle2018,6,0.3072,39.5295,0.1641,114.1,0.0212,0.1667,0.1641,0.1536,
/home/user/tesi/datasets/clic2020/train/taylor-leopold-278.png,clic_train,Balle2018,4,0.2385,33.7257,0.416,67.9,0.0413,0.3667,0.3995,0.3684,
/home/user/tesi/datasets/clic2020/train/taylor-leopold-279.png,clic_train,Balle2018,6,0.4663,36.7812,0.3234,117.0,0.0359,0.3423,0.3234,0.3242,
/home/user/tesi/datasets/clic2020/train/teddy-kelley-106391.png,clic_train,Balle2018,4,0.3865,32.3261,0.1768,70.5,0.0177,0.1101,0.0837,0.0625,
/home/user/tesi/datasets/clic2020/train/the-anchor-28037.png,clic_train,Balle2018,6,0.1816,42.8071,0.0459,111.3,0.0149,0.045,0.0459,0.0398,
/home/user/tesi/datasets/clic2020/train/thomas-kelley-63615.png,clic_train,Balle2018,4,0.4684,32.3739,0.1514,69.9,0.0179,0.1581,0.0567,0.0491,
/home/user/tesi/datasets/clic2020/train/thomas-lefebvre-1518.png,clic_train,Balle2018,2,0.1419,31.0733,0.3758,62.3,0.0345,0.2336,0.3758,0.1686,
/home/user/tesi/datasets/clic2020/train/thomas-lefebvre-20957.png,clic_train,Balle2018,6,0.3765,39.765,0.1395,112.4,0.0168,0.141,0.1395,0.1278,
/home/user/tesi/datasets/clic2020/train/thomas-lefebvre-5691.png,clic_train,Balle2018,2,0.2617,27.1266,0.1215,68.7,0.0206,0.064,0.066,0.0669,
/home/user/tesi/datasets/clic2020/train/thomas-shellberg-33477.png,clic_train,Balle2018,6,0.3878,38.7398,0.1342,79.1,0.0236,0.1419,0.1342,0.1063,
/home/user/tesi/datasets/clic2020/train/thomas-tixtaaz-119880.png,clic_train,Balle2018,6,0.2682,39.3796,0.2176,121.6,0.028,0.2345,0.2176,0.19,
/home/user/tesi/datasets/clic2020/train/thomas-tucker-129635.png,clic_train,Balle2018,6,0.4594,37.4052,0.1801,116.2,0.02,0.2257,0.1801,0.1849,
/home/user/tesi/datasets/clic2020/train/thong-vo-332.png,clic_train,Balle2018,4,0.2614,35.3496,0.1355,55.0,0.0075,0.1381,0.1355,0.098,
/home/user/tesi/datasets/clic2020/train/tiago-gerken-205.png,clic_train,Balle2018,4,0.4514,32.7935,0.0943,70.9,0.0124,0.0831,0.0493,0.0441,
/home/user/tesi/datasets/clic2020/train/tiago-gerken-252.png,clic_train,Balle2018,4,0.2977,33.7182,0.3753,68.7,0.0398,0.2932,0.2372,0.2221,
/home/user/tesi/datasets/clic2020/train/tiago-muraro-30895.png,clic_train,Balle2018,4,0.343,33.9912,0.1759,72.0,0.024,0.1604,0.0937,0.0819,
/home/user/tesi/datasets/clic2020/train/tim-gouw-73090.png,clic_train,Balle2018,6,0.4302,38.3923,0.1298,127.8,0.0131,0.1311,0.1298,0.1171,
/home/user/tesi/datasets/clic2020/train/tim-marshall-140945.png,clic_train,Balle2018,6,0.3097,37.7019,0.3883,110.7,0.0242,0.391,0.3883,0.3896,
/home/user/tesi/datasets/clic2020/train/tim-marshall-154623.png,clic_train,Balle2018,6,0.1981,40.2486,0.2615,109.4,0.0333,0.2598,0.2615,0.2469,
/home/user/tesi/datasets/clic2020/train/tim-mossholder-2441.png,clic_train,Balle2018,4,0.3332,33.9556,0.1538,69.7,0.0209,0.1029,0.0871,0.077,
/home/user/tesi/datasets/clic2020/train/tim-swaan-45717.png,clic_train,Balle2018,2,0.3941,25.1066,0.3223,70.2,0.0171,0.1101,0.0407,0.0398,
/home/user/tesi/datasets/clic2020/train/todd-desantis-37264.png,clic_train,Balle2018,2,0.2691,7.167,0.7789,22.4,0.0167,0.0534,0.0379,0.029,
/home/user/tesi/datasets/clic2020/train/todd-quackenbush-47564.png,clic_train,Balle2018,4,0.4857,7.275,0.8419,61.7,0.0113,0.0606,0.7826,0.0269,
/home/user/tesi/datasets/clic2020/train/todd-quackenbush-700.png,clic_train,Balle2018,4,0.2864,32.9214,0.3563,71.9,0.0253,0.226,0.1671,0.143,
/home/user/tesi/datasets/clic2020/train/todd-quackenbush-997.png,clic_train,Balle2018,6,0.212,42.7191,0.0763,110.3,0.0203,0.0663,0.0763,0.0714,
/home/user/tesi/datasets/clic2020/train/tom-butler-218.png,clic_train,Balle2018,2,0.3233,8.8383,0.6807,66.2,0.0096,0.0726,0.6807,0.0397,
/home/user/tesi/datasets/clic2020/train/tomasz-paciorek-536.png,clic_train,Balle2018,4,0.3312,33.8483,0.2314,65.4,0.0345,0.1934,0.2314,0.136,
/home/user/tesi/datasets/clic2020/train/tony-naccarato-55.png,clic_train,Balle2018,2,0.233,27.8301,0.3699,9.7,0.0095,0.3567,0.2014,0.2021,
/home/user/tesi/datasets/clic2020/train/tony-webster-97532.png,clic_train,Balle2018,6,0.2312,40.1272,0.0905,113.3,0.0191,0.0803,0.0905,0.0833,
/home/user/tesi/datasets/clic2020/train/tsaiga-26406.png,clic_train,Balle2018,6,0.4731,19.6534,0.3521,93.6,0.012,0.0868,0.3521,0.08,
/home/user/tesi/datasets/clic2020/train/tyler-finck-80.png,clic_train,Balle2018,4,0.308,34.7231,0.1777,40.2,0.0091,0.2553,0.1389,0.1288,
/home/user/tesi/datasets/clic2020/train/tyler-wanlass-51.png,clic_train,Balle2018,4,0.4152,32.215,0.2299,71.1,0.0163,0.1727,0.116,0.1067,
/home/user/tesi/datasets/clic2020/train/ugur-gurcuoglu-98840.png,clic_train,Balle2018,6,0.211,42.2472,0.1051,112.6,0.0047,0.0991,0.1051,0.0917,
/home/user/tesi/datasets/clic2020/train/vadim-sherbakov-127.png,clic_train,Balle2018,6,0.3437,40.4474,0.0858,114.0,0.0198,0.0916,0.0858,0.0748,
/home/user/tesi/datasets/clic2020/train/vadim-sherbakov-194.png,clic_train,Balle2018,4,0.334,32.7696,0.327,55.8,0.0267,0.2628,0.327,0.1669,
/home/user/tesi/datasets/clic2020/train/vadim-sherbakov-30.png,clic_train,Balle2018,4,0.1772,33.4106,0.5368,69.1,0.0545,0.4726,0.2364,0.2496,
/home/user/tesi/datasets/clic2020/train/vadim-sherbakov-41909.png,clic_train,Balle2018,4,0.1787,32.4727,0.5843,71.6,0.072,0.3669,0.3594,0.3606,
/home/user/tesi/datasets/clic2020/train/vadim-sherbakov-68.png,clic_train,JPEG,60,0.4405,38.66,0.0806,34.4,0.0155,0.1013,0.0943,0.0824,
/home/user/tesi/datasets/clic2020/train/valor-kopeny-31409.png,clic_train,Balle2018,2,0.3344,26.9925,0.1972,70.5,0.0134,0.0569,0.0363,0.0232,
/home/user/tesi/datasets/clic2020/train/veeterzy-82538.png,clic_train,Balle2018,4,0.2761,33.7589,0.2976,68.9,0.0166,0.2787,0.1968,0.213,
/home/user/tesi/datasets/clic2020/train/verne-ho-26451.png,clic_train,Balle2018,6,0.1957,39.7517,0.3119,111.8,0.0342,0.2766,0.3119,0.2743,
/home/user/tesi/datasets/clic2020/train/victor-erixon-282.png,clic_train,Balle2018,4,0.3333,33.481,0.2465,70.2,0.0286,0.2027,0.1431,0.1166,
/home/user/tesi/datasets/clic2020/train/vincent-burkhead-141499.png,clic_train,Balle2018,2,0.2722,27.3916,0.3891,74.6,0.025,0.2266,0.1504,0.1451,
/home/user/tesi/datasets/clic2020/train/vincent-guth-177308.png,clic_train,Balle2018,2,0.2257,28.1219,0.373,69.8,0.0199,0.1042,0.0774,0.0516,
/home/user/tesi/datasets/clic2020/train/vladimir-kramer-145.png,clic_train,Balle2018,6,0.1388,42.3209,0.2266,109.8,0.0429,0.1677,0.2266,0.2214,
/home/user/tesi/datasets/clic2020/train/vladimir-kudinov-12755.png,clic_train,Balle2018,2,0.2435,27.1888,0.1896,67.4,0.0218,0.0632,0.0354,0.0362,
/home/user/tesi/datasets/clic2020/train/vladimir-kudinov-12762.png,clic_train,Balle2018,4,0.3734,32.8816,0.2333,38.8,0.0379,0.1755,0.1758,0.1671,
/home/user/tesi/datasets/clic2020/train/vladimir-kudinov-58771.png,clic_train,Balle2018,2,0.3146,27.7224,0.166,40.0,0.007,0.0612,0.0409,0.0316,
/home/user/tesi/datasets/clic2020/train/vladimir-kudinov-94873.png,clic_train,Balle2018,2,0.3017,26.0579,0.5413,39.2,0.0432,0.1629,0.042,0.0385,
/home/user/tesi/datasets/clic2020/train/webvilla-293.png,clic_train,Balle2018,2,0.0809,35.2238,0.1528,60.2,0.0152,0.0849,0.1528,0.0981,
/home/user/tesi/datasets/clic2020/train/will-van-wingerden-87463.png,clic_train,Balle2018,6,0.3296,39.8923,0.1153,111.6,0.018,0.1087,0.1153,0.0906,
/home/user/tesi/datasets/clic2020/train/william-bout-103533.png,clic_train,Balle2018,2,0.0913,33.382,0.2068,57.8,0.0194,0.1161,0.2068,0.1089,
/home/user/tesi/datasets/clic2020/train/william-hook-58610.png,clic_train,Balle2018,2,0.2306,28.3293,0.4855,51.4,0.0249,0.2968,0.2848,0.0859,
/home/user/tesi/datasets/clic2020/train/william-iven-5893.png,clic_train,Balle2018,4,0.291,34.3133,0.2002,70.4,0.0287,0.1472,0.1137,0.1083,
/home/user/tesi/datasets/clic2020/train/wilson-ye-128679.png,clic_train,Balle2018,4,0.3026,32.6614,0.2926,58.4,0.0297,0.1378,0.1645,0.1175,
/home/user/tesi/datasets/clic2020/train/wim-peters-274.png,clic_train,Balle2018,6,0.4551,38.5485,0.1479,35.1,0.0215,0.1847,0.1479,0.1346,
/home/user/tesi/datasets/clic2020/train/wojtek-witkowski-189.png,clic_train,Balle2018,2,0.3106,25.9579,0.2303,37.5,0.0154,0.1035,0.0881,0.0818,
/home/user/tesi/datasets/clic2020/train/wojtek-witkowski-275.png,clic_train,Balle2018,6,0.4669,16.7451,0.3344,100.4,0.01,0.0311,0.3344,0.0218,
/home/user/tesi/datasets/clic2020/train/wolf-schram-79896.png,clic_train,Balle2018,2,0.2049,29.0001,0.2234,50.4,0.0129,0.0889,0.0573,0.0484,
/home/user/tesi/datasets/clic2020/train/wolfgang-lutz-26516.png,clic_train,Balle2018,4,0.3982,33.3453,0.1416,71.0,0.0143,0.1233,0.1014,0.091,
/home/user/tesi/datasets/clic2020/train/yair-hazout-245.png,clic_train,Balle2018,4,0.224,33.7749,0.4713,69.9,0.0125,0.4289,0.3191,0.3615,
/home/user/tesi/datasets/clic2020/train/yamon-figurs-26140.png,clic_train,Balle2018,4,0.2957,33.9109,0.3238,69.9,0.0237,0.2892,0.275,0.2864,
/home/user/tesi/datasets/clic2020/train/yoni-kaplan-nadel-29.png,clic_train,Balle2018,4,0.3751,33.0959,0.2407,39.9,0.0219,0.1908,0.1076,0.0957,
/home/user/tesi/datasets/clic2020/train/yulia-vambold-20364.png,clic_train,Balle2018,4,0.4186,32.0652,0.0967,72.6,0.0266,0.0688,0.0455,0.0386,
/home/user/tesi/datasets/clic2020/train/zara-walker-71279.png,clic_train,Balle2018,2,0.1383,33.1548,0.1128,61.9,0.0086,0.0738,0.1128,0.0659,
/home/user/tesi/datasets/clic2020/train/zugr-121.png,clic_train,Balle2018,6,0.3243,37.76,0.3209,96.5,0.0256,0.3543,0.3209,0.3252,
