file,dataset,codec,param,visqol
1-121951-A-8,esc50,Opus,12,4.1904
1-172649-B-40,esc50,Opus,12,4.0158
1-17742-A-12,esc50,Opus,12,3.2493
1-18074-A-6,esc50,Opus,12,4.2364
1-208757-A-2,esc50,Opus,12,4.4585
1-24074-A-43,esc50,Opus,12,4.5354
1-24524-C-19,esc50,Opus,12,4.0929
1-51436-A-17,esc50,Opus,12,3.9456
1-51805-E-33,esc50,Opus,12,4.1474
1-60460-A-36,esc50,Opus,12,4.1305
1-62509-A-45,esc50,Opus,12,4.0462
1-64473-A-45,esc50,Opus,12,3.5256
1-79146-A-29,esc50,Opus,12,3.7572
1462-170138-0000,librispeech,Opus,12,4.6451
1673-143397-0008,librispeech,Opus,12,4.4508
1919-142785-0028,librispeech,Opus,12,4.5914
1988-147956-0022,librispeech,Opus,12,4.4019
1988-24833-0015,librispeech,Opus,12,4.6605
2-102581-A-29,esc50,Opus,12,4.4907
2-103424-A-3,esc50,Opus,12,4.4913
2-114587-A-0,esc50,Opus,12,4.3005
2-116400-A-0,esc50,Opus,12,4.4654
2-122820-B-36,esc50,Opus,12,3.2775
2-141681-B-36,esc50,Opus,12,3.7721
2-154688-A-31,esc50,Opus,12,4.0059
2-155801-A-11,esc50,Opus,12,3.4387
2-166644-C-2,esc50,Opus,12,4.3149
2-184077-A-49,esc50,Opus,12,4.4467
2-81970-C-7,esc50,Opus,12,3.6984
2078-142845-0030,librispeech,Opus,12,4.6954
2277-149896-0029,librispeech,Opus,12,4.5651
2428-83699-0008,librispeech,Opus,12,4.7037
2428-83699-0027,librispeech,Opus,12,4.7007
2428-83699-0036,librispeech,Opus,12,4.7396
2428-83705-0034,librispeech,Opus,12,4.6949
251-118436-0002,librispeech,Opus,12,4.6731
251-137823-0007,librispeech,Opus,12,4.6362
251-137823-0008,librispeech,Opus,12,4.6802
3-102908-A-4,esc50,Opus,12,3.9447
3-115382-A-44,esc50,Opus,12,4.4773
3-125418-A-24,esc50,Opus,12,4.5992
3-130998-A-28,esc50,Opus,12,3.6692
3-136451-A-45,esc50,Opus,12,4.353
3-144827-A-11,esc50,Opus,12,3.7414
3-148932-A-34,esc50,Opus,12,4.8705
3-181132-A-14,esc50,Opus,12,3.8574
3000-15664-0040,librispeech,Opus,12,4.6906
3081-166546-0019,librispeech,Opus,12,4.5941
3081-166546-0081,librispeech,Opus,12,4.3204
3536-23268-0015,librispeech,Opus,12,4.752
3536-23268-0016,librispeech,Opus,12,4.7239
3536-23268-0026,librispeech,Opus,12,4.6866
3752-4943-0020,librispeech,Opus,12,4.58
3752-4944-0024,librispeech,Opus,12,4.6101
3752-4944-0050,librispeech,Opus,12,4.7558
3853-163249-0016,librispeech,Opus,12,4.7847
3853-163249-0029,librispeech,Opus,12,4.6803
4-128659-A-33,esc50,Opus,12,3.9032
4-145006-A-18,esc50,Opus,12,3.868
4-157297-A-21,esc50,Opus,12,4.4974
4-157611-A-41,esc50,Opus,12,4.2102
4-159426-A-9,esc50,Opus,12,4.3845
4-182795-A-14,esc50,Opus,12,3.8624
4-186693-A-17,esc50,Opus,12,4.3871
4-198962-B-25,esc50,Opus,12,4.4558
4-218199-F-35,esc50,Opus,12,4.0008
4-59579-A-20,esc50,Opus,12,4.5036
5-117120-A-42,esc50,Opus,12,4.349
5-133989-A-42,esc50,Opus,12,3.9647
5-197121-B-45,esc50,Opus,12,4.1558
5-204604-A-24,esc50,Opus,12,4.5012
5-212454-A-0,esc50,Opus,12,4.3668
5-235874-A-28,esc50,Opus,12,4.1961
5-253094-C-49,esc50,Opus,12,4.4497
5-61635-A-8,esc50,Opus,12,4.2953
5338-284437-0000,librispeech,Opus,12,4.7175
5338-284437-0007,librispeech,Opus,12,4.7592
5338-284437-0033,librispeech,Opus,12,4.7052
5536-43359-0018,librispeech,Opus,12,4.7112
5536-43363-0014,librispeech,Opus,12,4.667
5694-64029-0017,librispeech,Opus,12,4.8279
5895-34615-0017,librispeech,Opus,12,4.571
5895-34629-0023,librispeech,Opus,12,4.8154
6241-61946-0005,librispeech,Opus,12,4.7658
6241-61946-0008,librispeech,Opus,12,4.4768
6313-66125-0015,librispeech,Opus,12,4.5835
6313-66125-0024,librispeech,Opus,12,4.465
6313-66129-0014,librispeech,Opus,12,4.5447
6313-66129-0030,librispeech,Opus,12,4.3375
6313-76958-0017,librispeech,Opus,12,4.5216
6345-93306-0005,librispeech,Opus,12,4.5209
6345-93306-0009,librispeech,Opus,12,4.5482
777-126732-0003,librispeech,Opus,12,4.6165
777-126732-0004,librispeech,Opus,12,4.6337
777-126732-0021,librispeech,Opus,12,4.6382
7850-286674-0012,librispeech,Opus,12,4.4879
7976-110124-0007,librispeech,Opus,12,4.7216
8297-275156-0001,librispeech,Opus,12,4.7472
84-121123-0027,librispeech,Opus,12,4.595
84-121550-0002,librispeech,Opus,12,4.6791
AM Contra - Heart Peripheral,musdb,Opus,12,4.0988
Al James - Schoolboy Facination,musdb,Opus,12,4.2158
Angels In Amplifiers - I'm Alright,musdb,Opus,12,4.2934
Arise - Run Run Run,musdb,Opus,12,4.4916
BKS - Bulldozer,musdb,Opus,12,4.3807
BKS - Too Much,musdb,Opus,12,4.1202
Ben Carrigan - We'll Talk About It All Tonight,musdb,Opus,12,4.5434
Bobby Nobody - Stitch Up,musdb,Opus,12,4.4869
Buitraker - Revo X,musdb,Opus,12,4.1605
Carlos Gonzalez - A Place For Us,musdb,Opus,12,3.9961
Cristina Vane - So Easy,musdb,Opus,12,4.26
Detsky Sad - Walkie Talkie,musdb,Opus,12,4.0702
Enda Reilly - Cur An Long Ag Seol,musdb,Opus,12,4.3836
Forkupines - Semantics,musdb,Opus,12,3.9731
Georgia Wonder - Siren,musdb,Opus,12,4.2745
Girls Under Glass - We Feel Alright,musdb,Opus,12,4.1482
Hollow Ground - Ill Fate,musdb,Opus,12,4.3232
James Elder & Mark M Thompson - The English Actor,musdb,Opus,12,4.0023
Juliet's Rescue - Heartbeats,musdb,Opus,12,4.3438
Little Chicago's Finest - My Own,musdb,Opus,12,4.5057
Louis Cressy Band - Good Time,musdb,Opus,12,4.268
Lyndsey Ollard - Catching Up,musdb,Opus,12,4.3703
M.E.R.C. Music - Knockout,musdb,Opus,12,4.3134
Moosmusic - Big Dummy Shake,musdb,Opus,12,4.2114
Motor Tapes - Shore,musdb,Opus,12,4.3193
Mu - Too Bright,musdb,Opus,12,4.5126
Nerve 9 - Pray For The Rain,musdb,Opus,12,4.2765
PR - Happy Daze,musdb,Opus,12,4.3518
PR - Oh No,musdb,Opus,12,4.5814
Punkdisco - Oral Hygiene,musdb,Opus,12,4.2324
Raft Monk - Tiring,musdb,Opus,12,3.9816
Sambasevam Shanmugam - Kaathaadi,musdb,Opus,12,4.4555
Secretariat - Borderline,musdb,Opus,12,4.2766
Secretariat - Over The Top,musdb,Opus,12,4.1477
Side Effects Project - Sing With Me,musdb,Opus,12,4.5478
Signe Jakobsen - What Have You Done To Me,musdb,Opus,12,4.5703
Skelpolu - Resurrection,musdb,Opus,12,3.9197
Speak Softly - Broken Man,musdb,Opus,12,4.32
Speak Softly - Like Horses,musdb,Opus,12,4.2884
The Doppler Shift - Atrophy,musdb,Opus,12,3.9702
The Easton Ellises (Baumi) - SDRNR,musdb,Opus,12,4.3983
The Easton Ellises - Falcon 69,musdb,Opus,12,4.1568
The Long Wait - Dark Horses,musdb,Opus,12,4.1647
The Mountaineering Club - Mallory,musdb,Opus,12,4.3402
The Sunshine Garcia Band - For I Am The Moon,musdb,Opus,12,4.5007
Timboz - Pony,musdb,Opus,12,4.0073
Tom McKenzie - Directions,musdb,Opus,12,4.5287
Triviul feat. The Fiend - Widow,musdb,Opus,12,4.3425
We Fell From The Sky - Not You,musdb,Opus,12,4.1558
Zeno - Signs,musdb,Opus,12,4.1773
1-121951-A-8,esc50,Opus,24,4.5524
1-172649-B-40,esc50,Opus,24,4.371
1-17742-A-12,esc50,Opus,24,4.008
1-18074-A-6,esc50,Opus,24,4.6153
1-208757-A-2,esc50,Opus,24,4.7258
1-24074-A-43,esc50,Opus,24,4.8829
1-24524-C-19,esc50,Opus,24,4.4309
1-51436-A-17,esc50,Opus,24,4.3842
1-51805-E-33,esc50,Opus,24,4.5794
1-60460-A-36,esc50,Opus,24,4.4437
1-62509-A-45,esc50,Opus,24,4.3832
1-64473-A-45,esc50,Opus,24,4.1041
1-79146-A-29,esc50,Opus,24,3.7211
1462-170138-0000,librispeech,Opus,24,4.7867
1673-143397-0008,librispeech,Opus,24,4.7344
1919-142785-0028,librispeech,Opus,24,4.8509
1988-147956-0022,librispeech,Opus,24,4.6806
1988-24833-0015,librispeech,Opus,24,4.8058
2-102581-A-29,esc50,Opus,24,4.6818
2-103424-A-3,esc50,Opus,24,4.8053
2-114587-A-0,esc50,Opus,24,4.7212
2-116400-A-0,esc50,Opus,24,4.7809
2-122820-B-36,esc50,Opus,24,3.8579
2-141681-B-36,esc50,Opus,24,4.241
2-154688-A-31,esc50,Opus,24,4.3157
2-155801-A-11,esc50,Opus,24,4.0399
2-166644-C-2,esc50,Opus,24,4.6181
2-184077-A-49,esc50,Opus,24,4.7342
2-81970-C-7,esc50,Opus,24,4.5136
2078-142845-0030,librispeech,Opus,24,4.8326
2277-149896-0029,librispeech,Opus,24,4.8071
2428-83699-0008,librispeech,Opus,24,4.8568
2428-83699-0027,librispeech,Opus,24,4.8228
2428-83699-0036,librispeech,Opus,24,4.8708
2428-83705-0034,librispeech,Opus,24,4.8213
251-118436-0002,librispeech,Opus,24,4.863
251-137823-0007,librispeech,Opus,24,4.7793
251-137823-0008,librispeech,Opus,24,4.8541
3-102908-A-4,esc50,Opus,24,4.4753
3-115382-A-44,esc50,Opus,24,4.8105
3-125418-A-24,esc50,Opus,24,4.7812
3-130998-A-28,esc50,Opus,24,4.0609
3-136451-A-45,esc50,Opus,24,4.554
3-144827-A-11,esc50,Opus,24,4.1952
3-148932-A-34,esc50,Opus,24,4.9554
3-181132-A-14,esc50,Opus,24,4.2433
3000-15664-0040,librispeech,Opus,24,4.8913
3081-166546-0019,librispeech,Opus,24,4.8702
3081-166546-0081,librispeech,Opus,24,4.821
3536-23268-0015,librispeech,Opus,24,4.9065
3536-23268-0016,librispeech,Opus,24,4.8706
3536-23268-0026,librispeech,Opus,24,4.8871
3752-4943-0020,librispeech,Opus,24,4.78
3752-4944-0024,librispeech,Opus,24,4.8116
3752-4944-0050,librispeech,Opus,24,4.9146
3853-163249-0016,librispeech,Opus,24,4.9347
3853-163249-0029,librispeech,Opus,24,4.895
4-128659-A-33,esc50,Opus,24,4.3383
4-145006-A-18,esc50,Opus,24,4.481
4-157297-A-21,esc50,Opus,24,4.6903
4-157611-A-41,esc50,Opus,24,4.6019
4-159426-A-9,esc50,Opus,24,4.6997
4-182795-A-14,esc50,Opus,24,4.2785
4-186693-A-17,esc50,Opus,24,4.6991
4-198962-B-25,esc50,Opus,24,4.4965
4-218199-F-35,esc50,Opus,24,4.3635
4-59579-A-20,esc50,Opus,24,4.8015
5-117120-A-42,esc50,Opus,24,4.7873
5-133989-A-42,esc50,Opus,24,4.5842
5-197121-B-45,esc50,Opus,24,4.5996
5-204604-A-24,esc50,Opus,24,4.7344
5-212454-A-0,esc50,Opus,24,4.6499
5-235874-A-28,esc50,Opus,24,4.6546
5-253094-C-49,esc50,Opus,24,4.8015
5-61635-A-8,esc50,Opus,24,4.6156
5338-284437-0000,librispeech,Opus,24,4.89
5338-284437-0007,librispeech,Opus,24,4.9214
5338-284437-0033,librispeech,Opus,24,4.7833
5536-43359-0018,librispeech,Opus,24,4.8604
5536-43363-0014,librispeech,Opus,24,4.816
5694-64029-0017,librispeech,Opus,24,4.9312
5895-34615-0017,librispeech,Opus,24,4.7854
5895-34629-0023,librispeech,Opus,24,4.9216
6241-61946-0005,librispeech,Opus,24,4.9107
6241-61946-0008,librispeech,Opus,24,4.6381
6313-66125-0015,librispeech,Opus,24,4.8077
6313-66125-0024,librispeech,Opus,24,4.7422
6313-66129-0014,librispeech,Opus,24,4.8178
6313-66129-0030,librispeech,Opus,24,4.6524
6313-76958-0017,librispeech,Opus,24,4.7481
6345-93306-0005,librispeech,Opus,24,4.7241
6345-93306-0009,librispeech,Opus,24,4.7452
777-126732-0003,librispeech,Opus,24,4.7979
777-126732-0004,librispeech,Opus,24,4.7892
777-126732-0021,librispeech,Opus,24,4.8146
7850-286674-0012,librispeech,Opus,24,4.6021
7976-110124-0007,librispeech,Opus,24,4.881
8297-275156-0001,librispeech,Opus,24,4.8957
84-121123-0027,librispeech,Opus,24,4.7777
84-121550-0002,librispeech,Opus,24,4.8723
AM Contra - Heart Peripheral,musdb,Opus,24,4.7532
Al James - Schoolboy Facination,musdb,Opus,24,4.8027
Angels In Amplifiers - I'm Alright,musdb,Opus,24,4.8255
Arise - Run Run Run,musdb,Opus,24,4.9113
BKS - Bulldozer,musdb,Opus,24,4.8436
BKS - Too Much,musdb,Opus,24,4.7755
Ben Carrigan - We'll Talk About It All Tonight,musdb,Opus,24,4.8585
Bobby Nobody - Stitch Up,musdb,Opus,24,4.8732
Buitraker - Revo X,musdb,Opus,24,4.8479
Carlos Gonzalez - A Place For Us,musdb,Opus,24,4.781
Cristina Vane - So Easy,musdb,Opus,24,4.8307
Detsky Sad - Walkie Talkie,musdb,Opus,24,4.7171
Enda Reilly - Cur An Long Ag Seol,musdb,Opus,24,4.8879
Forkupines - Semantics,musdb,Opus,24,4.787
Georgia Wonder - Siren,musdb,Opus,24,4.8001
Girls Under Glass - We Feel Alright,musdb,Opus,24,4.7976
Hollow Ground - Ill Fate,musdb,Opus,24,4.5954
James Elder & Mark M Thompson - The English Actor,musdb,Opus,24,4.7495
Juliet's Rescue - Heartbeats,musdb,Opus,24,4.8018
Little Chicago's Finest - My Own,musdb,Opus,24,4.8897
Louis Cressy Band - Good Time,musdb,Opus,24,4.8193
Lyndsey Ollard - Catching Up,musdb,Opus,24,4.8616
M.E.R.C. Music - Knockout,musdb,Opus,24,4.8148
Moosmusic - Big Dummy Shake,musdb,Opus,24,4.8134
Motor Tapes - Shore,musdb,Opus,24,4.8801
Mu - Too Bright,musdb,Opus,24,4.8631
Nerve 9 - Pray For The Rain,musdb,Opus,24,4.859
PR - Happy Daze,musdb,Opus,24,4.8184
PR - Oh No,musdb,Opus,24,4.8711
Punkdisco - Oral Hygiene,musdb,Opus,24,4.6985
Raft Monk - Tiring,musdb,Opus,24,4.7425
Sambasevam Shanmugam - Kaathaadi,musdb,Opus,24,4.855
Secretariat - Borderline,musdb,Opus,24,4.8428
Secretariat - Over The Top,musdb,Opus,24,4.8345
Side Effects Project - Sing With Me,musdb,Opus,24,4.8455
Signe Jakobsen - What Have You Done To Me,musdb,Opus,24,4.883
Skelpolu - Resurrection,musdb,Opus,24,4.7677
Speak Softly - Broken Man,musdb,Opus,24,4.8607
Speak Softly - Like Horses,musdb,Opus,24,4.8045
The Doppler Shift - Atrophy,musdb,Opus,24,4.7558
The Easton Ellises (Baumi) - SDRNR,musdb,Opus,24,4.8282
The Easton Ellises - Falcon 69,musdb,Opus,24,4.8101
The Long Wait - Dark Horses,musdb,Opus,24,4.8335
The Mountaineering Club - Mallory,musdb,Opus,24,4.775
The Sunshine Garcia Band - For I Am The Moon,musdb,Opus,24,4.8905
Timboz - Pony,musdb,Opus,24,4.6082
Tom McKenzie - Directions,musdb,Opus,24,4.8781
Triviul feat. The Fiend - Widow,musdb,Opus,24,4.8516
We Fell From The Sky - Not You,musdb,Opus,24,4.7475
Zeno - Signs,musdb,Opus,24,4.8178
1-121951-A-8,esc50,Opus,48,4.7475
1-172649-B-40,esc50,Opus,48,4.7059
1-17742-A-12,esc50,Opus,48,4.6306
1-18074-A-6,esc50,Opus,48,4.7671
1-208757-A-2,esc50,Opus,48,4.8611
1-24074-A-43,esc50,Opus,48,4.9192
1-24524-C-19,esc50,Opus,48,4.615
1-51436-A-17,esc50,Opus,48,4.6876
1-51805-E-33,esc50,Opus,48,4.7771
1-60460-A-36,esc50,Opus,48,4.7129
1-62509-A-45,esc50,Opus,48,4.7042
1-64473-A-45,esc50,Opus,48,4.5215
1-79146-A-29,esc50,Opus,48,3.9288
1462-170138-0000,librispeech,Opus,48,4.8268
1673-143397-0008,librispeech,Opus,48,4.7966
1919-142785-0028,librispeech,Opus,48,4.887
1988-147956-0022,librispeech,Opus,48,4.7417
1988-24833-0015,librispeech,Opus,48,4.8347
2-102581-A-29,esc50,Opus,48,4.5834
2-103424-A-3,esc50,Opus,48,4.9077
2-114587-A-0,esc50,Opus,48,4.8917
2-116400-A-0,esc50,Opus,48,4.9036
2-122820-B-36,esc50,Opus,48,4.3851
2-141681-B-36,esc50,Opus,48,4.6746
2-154688-A-31,esc50,Opus,48,4.4592
2-155801-A-11,esc50,Opus,48,4.4346
2-166644-C-2,esc50,Opus,48,4.8597
2-184077-A-49,esc50,Opus,48,4.8582
2-81970-C-7,esc50,Opus,48,4.7469
2078-142845-0030,librispeech,Opus,48,4.8625
2277-149896-0029,librispeech,Opus,48,4.8244
2428-83699-0008,librispeech,Opus,48,4.8815
2428-83699-0027,librispeech,Opus,48,4.8571
2428-83699-0036,librispeech,Opus,48,4.8925
2428-83705-0034,librispeech,Opus,48,4.8496
251-118436-0002,librispeech,Opus,48,4.9032
251-137823-0007,librispeech,Opus,48,4.8033
251-137823-0008,librispeech,Opus,48,4.8939
3-102908-A-4,esc50,Opus,48,4.7925
3-115382-A-44,esc50,Opus,48,4.9503
3-125418-A-24,esc50,Opus,48,4.895
3-130998-A-28,esc50,Opus,48,4.418
3-136451-A-45,esc50,Opus,48,4.7644
3-144827-A-11,esc50,Opus,48,4.6005
3-148932-A-34,esc50,Opus,48,4.9609
3-181132-A-14,esc50,Opus,48,4.4599
3000-15664-0040,librispeech,Opus,48,4.923
3081-166546-0019,librispeech,Opus,48,4.913
3081-166546-0081,librispeech,Opus,48,4.9146
3536-23268-0015,librispeech,Opus,48,4.932
3536-23268-0016,librispeech,Opus,48,4.8942
3536-23268-0026,librispeech,Opus,48,4.9196
3752-4943-0020,librispeech,Opus,48,4.8266
3752-4944-0024,librispeech,Opus,48,4.87
3752-4944-0050,librispeech,Opus,48,4.9416
3853-163249-0016,librispeech,Opus,48,4.9572
3853-163249-0029,librispeech,Opus,48,4.9223
4-128659-A-33,esc50,Opus,48,4.7173
4-145006-A-18,esc50,Opus,48,4.8545
4-157297-A-21,esc50,Opus,48,4.789
4-157611-A-41,esc50,Opus,48,4.8735
4-159426-A-9,esc50,Opus,48,4.836
4-182795-A-14,esc50,Opus,48,4.5509
4-186693-A-17,esc50,Opus,48,4.8983
4-198962-B-25,esc50,Opus,48,4.6082
4-218199-F-35,esc50,Opus,48,4.5925
4-59579-A-20,esc50,Opus,48,4.9201
5-117120-A-42,esc50,Opus,48,4.9287
5-133989-A-42,esc50,Opus,48,4.7431
5-197121-B-45,esc50,Opus,48,4.835
5-204604-A-24,esc50,Opus,48,4.8038
5-212454-A-0,esc50,Opus,48,4.8292
5-235874-A-28,esc50,Opus,48,4.8063
5-253094-C-49,esc50,Opus,48,4.9301
5-61635-A-8,esc50,Opus,48,4.7928
5338-284437-0000,librispeech,Opus,48,4.9098
5338-284437-0007,librispeech,Opus,48,4.9374
5338-284437-0033,librispeech,Opus,48,4.836
5536-43359-0018,librispeech,Opus,48,4.8841
5536-43363-0014,librispeech,Opus,48,4.8425
5694-64029-0017,librispeech,Opus,48,4.9389
5895-34615-0017,librispeech,Opus,48,4.8268
5895-34629-0023,librispeech,Opus,48,4.9424
6241-61946-0005,librispeech,Opus,48,4.9374
6241-61946-0008,librispeech,Opus,48,4.6814
6313-66125-0015,librispeech,Opus,48,4.8708
6313-66125-0024,librispeech,Opus,48,4.8293
6313-66129-0014,librispeech,Opus,48,4.8744
6313-66129-0030,librispeech,Opus,48,4.7163
6313-76958-0017,librispeech,Opus,48,4.8006
6345-93306-0005,librispeech,Opus,48,4.7766
6345-93306-0009,librispeech,Opus,48,4.797
777-126732-0003,librispeech,Opus,48,4.8384
777-126732-0004,librispeech,Opus,48,4.8319
777-126732-0021,librispeech,Opus,48,4.8637
7850-286674-0012,librispeech,Opus,48,4.665
7976-110124-0007,librispeech,Opus,48,4.9017
8297-275156-0001,librispeech,Opus,48,4.922
84-121123-0027,librispeech,Opus,48,4.8165
84-121550-0002,librispeech,Opus,48,4.9074
AM Contra - Heart Peripheral,musdb,Opus,48,4.9206
Al James - Schoolboy Facination,musdb,Opus,48,4.9417
Angels In Amplifiers - I'm Alright,musdb,Opus,48,4.9484
Arise - Run Run Run,musdb,Opus,48,4.9772
BKS - Bulldozer,musdb,Opus,48,4.9556
BKS - Too Much,musdb,Opus,48,4.9294
Ben Carrigan - We'll Talk About It All Tonight,musdb,Opus,48,4.9504
Bobby Nobody - Stitch Up,musdb,Opus,48,4.9595
Buitraker - Revo X,musdb,Opus,48,4.9562
Carlos Gonzalez - A Place For Us,musdb,Opus,48,4.9223
Cristina Vane - So Easy,musdb,Opus,48,4.9516
Detsky Sad - Walkie Talkie,musdb,Opus,48,4.9043
Enda Reilly - Cur An Long Ag Seol,musdb,Opus,48,4.9667
Forkupines - Semantics,musdb,Opus,48,4.9288
Georgia Wonder - Siren,musdb,Opus,48,4.9347
Girls Under Glass - We Feel Alright,musdb,Opus,48,4.9344
Hollow Ground - Ill Fate,musdb,Opus,48,4.8511
James Elder & Mark M Thompson - The English Actor,musdb,Opus,48,4.9156
Juliet's Rescue - Heartbeats,musdb,Opus,48,4.9407
Little Chicago's Finest - My Own,musdb,Opus,48,4.9662
Louis Cressy Band - Good Time,musdb,Opus,48,4.9451
Lyndsey Ollard - Catching Up,musdb,Opus,48,4.9559
M.E.R.C. Music - Knockout,musdb,Opus,48,4.935
Moosmusic - Big Dummy Shake,musdb,Opus,48,4.9412
Motor Tapes - Shore,musdb,Opus,48,4.965
Mu - Too Bright,musdb,Opus,48,4.9657
Nerve 9 - Pray For The Rain,musdb,Opus,48,4.9591
PR - Happy Daze,musdb,Opus,48,4.9418
PR - Oh No,musdb,Opus,48,4.9626
Punkdisco - Oral Hygiene,musdb,Opus,48,4.8868
Raft Monk - Tiring,musdb,Opus,48,4.9044
Sambasevam Shanmugam - Kaathaadi,musdb,Opus,48,4.9539
Secretariat - Borderline,musdb,Opus,48,4.9516
Secretariat - Over The Top,musdb,Opus,48,4.9459
Side Effects Project - Sing With Me,musdb,Opus,48,4.9569
Signe Jakobsen - What Have You Done To Me,musdb,Opus,48,4.9632
Skelpolu - Resurrection,musdb,Opus,48,4.93
Speak Softly - Broken Man,musdb,Opus,48,4.9561
Speak Softly - Like Horses,musdb,Opus,48,4.9341
The Doppler Shift - Atrophy,musdb,Opus,48,4.9146
The Easton Ellises (Baumi) - SDRNR,musdb,Opus,48,4.9394
The Easton Ellises - Falcon 69,musdb,Opus,48,4.9425
The Long Wait - Dark Horses,musdb,Opus,48,4.9472
The Mountaineering Club - Mallory,musdb,Opus,48,4.9199
The Sunshine Garcia Band - For I Am The Moon,musdb,Opus,48,4.9659
Timboz - Pony,musdb,Opus,48,4.8294
Tom McKenzie - Directions,musdb,Opus,48,4.9629
Triviul feat. The Fiend - Widow,musdb,Opus,48,4.9466
We Fell From The Sky - Not You,musdb,Opus,48,4.9085
Zeno - Signs,musdb,Opus,48,4.9438
1-121951-A-8,esc50,EnCodec,1.5,2.446
1-172649-B-40,esc50,EnCodec,1.5,2.4113
1-17742-A-12,esc50,EnCodec,1.5,1.7347
1-18074-A-6,esc50,EnCodec,1.5,2.9021
1-208757-A-2,esc50,EnCodec,1.5,3.4569
1-24074-A-43,esc50,EnCodec,1.5,3.2591
1-24524-C-19,esc50,EnCodec,1.5,2.8395
1-51436-A-17,esc50,EnCodec,1.5,2.4854
1-51805-E-33,esc50,EnCodec,1.5,2.7801
1-60460-A-36,esc50,EnCodec,1.5,2.7287
1-62509-A-45,esc50,EnCodec,1.5,2.5562
1-64473-A-45,esc50,EnCodec,1.5,1.6643
1-79146-A-29,esc50,EnCodec,1.5,2.1602
1462-170138-0000,librispeech,EnCodec,1.5,3.5011
1673-143397-0008,librispeech,EnCodec,1.5,3.3142
1919-142785-0028,librispeech,EnCodec,1.5,3.5362
1988-147956-0022,librispeech,EnCodec,1.5,3.3831
1988-24833-0015,librispeech,EnCodec,1.5,3.5534
2-102581-A-29,esc50,EnCodec,1.5,3.5407
2-103424-A-3,esc50,EnCodec,1.5,3.3788
2-114587-A-0,esc50,EnCodec,1.5,3.0545
2-116400-A-0,esc50,EnCodec,1.5,3.1015
2-122820-B-36,esc50,EnCodec,1.5,2.4027
2-141681-B-36,esc50,EnCodec,1.5,2.7347
2-154688-A-31,esc50,EnCodec,1.5,2.9667
2-155801-A-11,esc50,EnCodec,1.5,2.3009
2-166644-C-2,esc50,EnCodec,1.5,3.2882
2-184077-A-49,esc50,EnCodec,1.5,3.3361
2-81970-C-7,esc50,EnCodec,1.5,2.4536
2078-142845-0030,librispeech,EnCodec,1.5,3.777
2277-149896-0029,librispeech,EnCodec,1.5,3.6342
2428-83699-0008,librispeech,EnCodec,1.5,3.8908
2428-83699-0027,librispeech,EnCodec,1.5,3.9529
2428-83699-0036,librispeech,EnCodec,1.5,3.9654
2428-83705-0034,librispeech,EnCodec,1.5,3.7731
251-118436-0002,librispeech,EnCodec,1.5,3.7312
251-137823-0007,librispeech,EnCodec,1.5,3.5535
251-137823-0008,librispeech,EnCodec,1.5,3.7717
3-102908-A-4,esc50,EnCodec,1.5,2.547
3-115382-A-44,esc50,EnCodec,1.5,2.7376
3-125418-A-24,esc50,EnCodec,1.5,3.1947
3-130998-A-28,esc50,EnCodec,1.5,2.1902
3-136451-A-45,esc50,EnCodec,1.5,3.2861
3-144827-A-11,esc50,EnCodec,1.5,2.7631
3-148932-A-34,esc50,EnCodec,1.5,3.4622
3-181132-A-14,esc50,EnCodec,1.5,2.2888
3000-15664-0040,librispeech,EnCodec,1.5,3.7932
3081-166546-0019,librispeech,EnCodec,1.5,3.2734
3081-166546-0081,librispeech,EnCodec,1.5,2.9799
3536-23268-0015,librispeech,EnCodec,1.5,3.4826
3536-23268-0016,librispeech,EnCodec,1.5,3.5626
3536-23268-0026,librispeech,EnCodec,1.5,3.4177
3752-4943-0020,librispeech,EnCodec,1.5,3.4026
3752-4944-0024,librispeech,EnCodec,1.5,3.7099
3752-4944-0050,librispeech,EnCodec,1.5,3.8518
3853-163249-0016,librispeech,EnCodec,1.5,3.9679
3853-163249-0029,librispeech,EnCodec,1.5,3.7175
4-128659-A-33,esc50,EnCodec,1.5,1.9411
4-145006-A-18,esc50,EnCodec,1.5,2.198
4-157297-A-21,esc50,EnCodec,1.5,3.1725
4-157611-A-41,esc50,EnCodec,1.5,2.4995
4-159426-A-9,esc50,EnCodec,1.5,3.1133
4-182795-A-14,esc50,EnCodec,1.5,2.4588
4-186693-A-17,esc50,EnCodec,1.5,3.0212
4-198962-B-25,esc50,EnCodec,1.5,3.1981
4-218199-F-35,esc50,EnCodec,1.5,2.8159
4-59579-A-20,esc50,EnCodec,1.5,2.7201
5-117120-A-42,esc50,EnCodec,1.5,2.6549
5-133989-A-42,esc50,EnCodec,1.5,2.3332
5-197121-B-45,esc50,EnCodec,1.5,2.9547
5-204604-A-24,esc50,EnCodec,1.5,3.4783
5-212454-A-0,esc50,EnCodec,1.5,3.1923
5-235874-A-28,esc50,EnCodec,1.5,2.5706
5-253094-C-49,esc50,EnCodec,1.5,3.2634
5-61635-A-8,esc50,EnCodec,1.5,3.4399
5338-284437-0000,librispeech,EnCodec,1.5,3.5779
5338-284437-0007,librispeech,EnCodec,1.5,3.9336
5338-284437-0033,librispeech,EnCodec,1.5,3.4634
5536-43359-0018,librispeech,EnCodec,1.5,3.748
5536-43363-0014,librispeech,EnCodec,1.5,3.7708
5694-64029-0017,librispeech,EnCodec,1.5,4.004
5895-34615-0017,librispeech,EnCodec,1.5,3.346
5895-34629-0023,librispeech,EnCodec,1.5,3.9579
6241-61946-0005,librispeech,EnCodec,1.5,4.0503
6241-61946-0008,librispeech,EnCodec,1.5,3.2997
6313-66125-0015,librispeech,EnCodec,1.5,3.4818
6313-66125-0024,librispeech,EnCodec,1.5,3.4837
6313-66129-0014,librispeech,EnCodec,1.5,3.5944
6313-66129-0030,librispeech,EnCodec,1.5,2.7514
6313-76958-0017,librispeech,EnCodec,1.5,3.4103
6345-93306-0005,librispeech,EnCodec,1.5,3.5114
6345-93306-0009,librispeech,EnCodec,1.5,3.4319
777-126732-0003,librispeech,EnCodec,1.5,3.5147
777-126732-0004,librispeech,EnCodec,1.5,3.6292
777-126732-0021,librispeech,EnCodec,1.5,3.574
7850-286674-0012,librispeech,EnCodec,1.5,2.9603
7976-110124-0007,librispeech,EnCodec,1.5,3.9102
8297-275156-0001,librispeech,EnCodec,1.5,3.7485
84-121123-0027,librispeech,EnCodec,1.5,3.6243
84-121550-0002,librispeech,EnCodec,1.5,3.7264
AM Contra - Heart Peripheral,musdb,EnCodec,1.5,2.9937
Al James - Schoolboy Facination,musdb,EnCodec,1.5,3.1299
Angels In Amplifiers - I'm Alright,musdb,EnCodec,1.5,2.8709
Arise - Run Run Run,musdb,EnCodec,1.5,3.4207
BKS - Bulldozer,musdb,EnCodec,1.5,3.3105
BKS - Too Much,musdb,EnCodec,1.5,2.8428
Ben Carrigan - We'll Talk About It All Tonight,musdb,EnCodec,1.5,3.5312
Bobby Nobody - Stitch Up,musdb,EnCodec,1.5,3.352
Buitraker - Revo X,musdb,EnCodec,1.5,2.9026
Carlos Gonzalez - A Place For Us,musdb,EnCodec,1.5,2.9153
Cristina Vane - So Easy,musdb,EnCodec,1.5,3.0704
Detsky Sad - Walkie Talkie,musdb,EnCodec,1.5,2.7437
Enda Reilly - Cur An Long Ag Seol,musdb,EnCodec,1.5,3.3098
Forkupines - Semantics,musdb,EnCodec,1.5,3.3134
Georgia Wonder - Siren,musdb,EnCodec,1.5,3.1537
Girls Under Glass - We Feel Alright,musdb,EnCodec,1.5,3.2026
Hollow Ground - Ill Fate,musdb,EnCodec,1.5,3.1381
James Elder & Mark M Thompson - The English Actor,musdb,EnCodec,1.5,2.5751
Juliet's Rescue - Heartbeats,musdb,EnCodec,1.5,3.1571
Little Chicago's Finest - My Own,musdb,EnCodec,1.5,3.3096
Louis Cressy Band - Good Time,musdb,EnCodec,1.5,3.0747
Lyndsey Ollard - Catching Up,musdb,EnCodec,1.5,3.1852
M.E.R.C. Music - Knockout,musdb,EnCodec,1.5,3.0925
Moosmusic - Big Dummy Shake,musdb,EnCodec,1.5,3.0521
Motor Tapes - Shore,musdb,EnCodec,1.5,3.4312
Mu - Too Bright,musdb,EnCodec,1.5,3.4738
Nerve 9 - Pray For The Rain,musdb,EnCodec,1.5,3.2071
PR - Happy Daze,musdb,EnCodec,1.5,3.2707
PR - Oh No,musdb,EnCodec,1.5,3.6476
Punkdisco - Oral Hygiene,musdb,EnCodec,1.5,3.421
Raft Monk - Tiring,musdb,EnCodec,1.5,2.6778
Sambasevam Shanmugam - Kaathaadi,musdb,EnCodec,1.5,3.3623
Secretariat - Borderline,musdb,EnCodec,1.5,3.0287
Secretariat - Over The Top,musdb,EnCodec,1.5,2.8679
Side Effects Project - Sing With Me,musdb,EnCodec,1.5,3.5381
Signe Jakobsen - What Have You Done To Me,musdb,EnCodec,1.5,3.3934
Skelpolu - Resurrection,musdb,EnCodec,1.5,2.6431
Speak Softly - Broken Man,musdb,EnCodec,1.5,3.3087
Speak Softly - Like Horses,musdb,EnCodec,1.5,3.1874
The Doppler Shift - Atrophy,musdb,EnCodec,1.5,2.8755
The Easton Ellises (Baumi) - SDRNR,musdb,EnCodec,1.5,3.3548
The Easton Ellises - Falcon 69,musdb,EnCodec,1.5,2.8759
The Long Wait - Dark Horses,musdb,EnCodec,1.5,2.8698
The Mountaineering Club - Mallory,musdb,EnCodec,1.5,3.3082
The Sunshine Garcia Band - For I Am The Moon,musdb,EnCodec,1.5,3.2705
Timboz - Pony,musdb,EnCodec,1.5,3.1685
Tom McKenzie - Directions,musdb,EnCodec,1.5,3.3489
Triviul feat. The Fiend - Widow,musdb,EnCodec,1.5,3.2855
We Fell From The Sky - Not You,musdb,EnCodec,1.5,3.0124
Zeno - Signs,musdb,EnCodec,1.5,3.066
1-121951-A-8,esc50,EnCodec,3.0,2.6233
1-172649-B-40,esc50,EnCodec,3.0,3.3954
1-17742-A-12,esc50,EnCodec,3.0,2.4639
1-18074-A-6,esc50,EnCodec,3.0,3.2045
1-208757-A-2,esc50,EnCodec,3.0,3.8993
1-24074-A-43,esc50,EnCodec,3.0,3.6324
1-24524-C-19,esc50,EnCodec,3.0,3.2928
1-51436-A-17,esc50,EnCodec,3.0,2.9668
1-51805-E-33,esc50,EnCodec,3.0,3.349
1-60460-A-36,esc50,EnCodec,3.0,3.7066
1-62509-A-45,esc50,EnCodec,3.0,3.4069
1-64473-A-45,esc50,EnCodec,3.0,2.8878
1-79146-A-29,esc50,EnCodec,3.0,2.5432
1462-170138-0000,librispeech,EnCodec,3.0,3.8712
1673-143397-0008,librispeech,EnCodec,3.0,3.7404
1919-142785-0028,librispeech,EnCodec,3.0,3.8673
1988-147956-0022,librispeech,EnCodec,3.0,3.7909
1988-24833-0015,librispeech,EnCodec,3.0,3.9003
2-102581-A-29,esc50,EnCodec,3.0,3.728
2-103424-A-3,esc50,EnCodec,3.0,3.9724
2-114587-A-0,esc50,EnCodec,3.0,3.4291
2-116400-A-0,esc50,EnCodec,3.0,3.6206
2-122820-B-36,esc50,EnCodec,3.0,3.1689
2-141681-B-36,esc50,EnCodec,3.0,3.4022
2-154688-A-31,esc50,EnCodec,3.0,3.2086
2-155801-A-11,esc50,EnCodec,3.0,2.8107
2-166644-C-2,esc50,EnCodec,3.0,3.8032
2-184077-A-49,esc50,EnCodec,3.0,3.8492
2-81970-C-7,esc50,EnCodec,3.0,3.518
2078-142845-0030,librispeech,EnCodec,3.0,4.14
2277-149896-0029,librispeech,EnCodec,3.0,4.0131
2428-83699-0008,librispeech,EnCodec,3.0,4.2222
2428-83699-0027,librispeech,EnCodec,3.0,4.2091
2428-83699-0036,librispeech,EnCodec,3.0,4.3001
2428-83705-0034,librispeech,EnCodec,3.0,4.1678
251-118436-0002,librispeech,EnCodec,3.0,4.1614
251-137823-0007,librispeech,EnCodec,3.0,3.8979
251-137823-0008,librispeech,EnCodec,3.0,4.1889
3-102908-A-4,esc50,EnCodec,3.0,2.9947
3-115382-A-44,esc50,EnCodec,3.0,3.7429
3-125418-A-24,esc50,EnCodec,3.0,3.7681
3-130998-A-28,esc50,EnCodec,3.0,3.2826
3-136451-A-45,esc50,EnCodec,3.0,3.768
3-144827-A-11,esc50,EnCodec,3.0,3.426
3-148932-A-34,esc50,EnCodec,3.0,3.7972
3-181132-A-14,esc50,EnCodec,3.0,2.489
3000-15664-0040,librispeech,EnCodec,3.0,4.212
3081-166546-0019,librispeech,EnCodec,3.0,3.6946
3081-166546-0081,librispeech,EnCodec,3.0,3.4357
3536-23268-0015,librispeech,EnCodec,3.0,3.9527
3536-23268-0016,librispeech,EnCodec,3.0,3.9872
3536-23268-0026,librispeech,EnCodec,3.0,3.9445
3752-4943-0020,librispeech,EnCodec,3.0,3.8426
3752-4944-0024,librispeech,EnCodec,3.0,4.1048
3752-4944-0050,librispeech,EnCodec,3.0,4.2892
3853-163249-0016,librispeech,EnCodec,3.0,4.3426
3853-163249-0029,librispeech,EnCodec,3.0,4.0851
4-128659-A-33,esc50,EnCodec,3.0,2.9123
4-145006-A-18,esc50,EnCodec,3.0,3.0321
4-157297-A-21,esc50,EnCodec,3.0,3.5276
4-157611-A-41,esc50,EnCodec,3.0,3.5641
4-159426-A-9,esc50,EnCodec,3.0,3.497
4-182795-A-14,esc50,EnCodec,3.0,3.3458
4-186693-A-17,esc50,EnCodec,3.0,3.197
4-198962-B-25,esc50,EnCodec,3.0,3.568
4-218199-F-35,esc50,EnCodec,3.0,3.6197
4-59579-A-20,esc50,EnCodec,3.0,3.4061
5-117120-A-42,esc50,EnCodec,3.0,3.0583
5-133989-A-42,esc50,EnCodec,3.0,3.2385
5-197121-B-45,esc50,EnCodec,3.0,3.4484
5-204604-A-24,esc50,EnCodec,3.0,3.9156
5-212454-A-0,esc50,EnCodec,3.0,3.591
5-235874-A-28,esc50,EnCodec,3.0,2.9593
5-253094-C-49,esc50,EnCodec,3.0,3.7934
5-61635-A-8,esc50,EnCodec,3.0,3.9227
5338-284437-0000,librispeech,EnCodec,3.0,3.9245
5338-284437-0007,librispeech,EnCodec,3.0,4.2408
5338-284437-0033,librispeech,EnCodec,3.0,3.8846
5536-43359-0018,librispeech,EnCodec,3.0,4.1772
5536-43363-0014,librispeech,EnCodec,3.0,4.1573
5694-64029-0017,librispeech,EnCodec,3.0,4.3063
5895-34615-0017,librispeech,EnCodec,3.0,3.8613
5895-34629-0023,librispeech,EnCodec,3.0,4.2783
6241-61946-0005,librispeech,EnCodec,3.0,4.2773
6241-61946-0008,librispeech,EnCodec,3.0,3.6514
6313-66125-0015,librispeech,EnCodec,3.0,3.9822
6313-66125-0024,librispeech,EnCodec,3.0,3.8856
6313-66129-0014,librispeech,EnCodec,3.0,4.0207
6313-66129-0030,librispeech,EnCodec,3.0,3.3323
6313-76958-0017,librispeech,EnCodec,3.0,3.867
6345-93306-0005,librispeech,EnCodec,3.0,3.8356
6345-93306-0009,librispeech,EnCodec,3.0,3.8977
777-126732-0003,librispeech,EnCodec,3.0,3.8743
777-126732-0004,librispeech,EnCodec,3.0,4.0894
777-126732-0021,librispeech,EnCodec,3.0,4.0673
7850-286674-0012,librispeech,EnCodec,3.0,3.4387
7976-110124-0007,librispeech,EnCodec,3.0,4.2689
8297-275156-0001,librispeech,EnCodec,3.0,4.2104
84-121123-0027,librispeech,EnCodec,3.0,3.9584
84-121550-0002,librispeech,EnCodec,3.0,4.1957
AM Contra - Heart Peripheral,musdb,EnCodec,3.0,3.7137
Al James - Schoolboy Facination,musdb,EnCodec,3.0,3.8587
Angels In Amplifiers - I'm Alright,musdb,EnCodec,3.0,3.6697
Arise - Run Run Run,musdb,EnCodec,3.0,4.0066
BKS - Bulldozer,musdb,EnCodec,3.0,3.9368
BKS - Too Much,musdb,EnCodec,3.0,3.648
Ben Carrigan - We'll Talk About It All Tonight,musdb,EnCodec,3.0,4.077
Bobby Nobody - Stitch Up,musdb,EnCodec,3.0,4.0044
Buitraker - Revo X,musdb,EnCodec,3.0,3.6593
Carlos Gonzalez - A Place For Us,musdb,EnCodec,3.0,3.6011
Cristina Vane - So Easy,musdb,EnCodec,3.0,3.8486
Detsky Sad - Walkie Talkie,musdb,EnCodec,3.0,3.4587
Enda Reilly - Cur An Long Ag Seol,musdb,EnCodec,3.0,4.0226
Forkupines - Semantics,musdb,EnCodec,3.0,3.8833
Georgia Wonder - Siren,musdb,EnCodec,3.0,3.7957
Girls Under Glass - We Feel Alright,musdb,EnCodec,3.0,3.9081
Hollow Ground - Ill Fate,musdb,EnCodec,3.0,3.9386
James Elder & Mark M Thompson - The English Actor,musdb,EnCodec,3.0,3.4894
Juliet's Rescue - Heartbeats,musdb,EnCodec,3.0,3.8836
Little Chicago's Finest - My Own,musdb,EnCodec,3.0,4.0262
Louis Cressy Band - Good Time,musdb,EnCodec,3.0,3.8502
Lyndsey Ollard - Catching Up,musdb,EnCodec,3.0,3.8631
M.E.R.C. Music - Knockout,musdb,EnCodec,3.0,3.8226
Moosmusic - Big Dummy Shake,musdb,EnCodec,3.0,3.8139
Motor Tapes - Shore,musdb,EnCodec,3.0,4.0497
Mu - Too Bright,musdb,EnCodec,3.0,4.0481
Nerve 9 - Pray For The Rain,musdb,EnCodec,3.0,3.8764
PR - Happy Daze,musdb,EnCodec,3.0,3.7298
PR - Oh No,musdb,EnCodec,3.0,4.1493
Punkdisco - Oral Hygiene,musdb,EnCodec,3.0,3.8717
Raft Monk - Tiring,musdb,EnCodec,3.0,3.6608
Sambasevam Shanmugam - Kaathaadi,musdb,EnCodec,3.0,4.0804
Secretariat - Borderline,musdb,EnCodec,3.0,3.9032
Secretariat - Over The Top,musdb,EnCodec,3.0,3.8354
Side Effects Project - Sing With Me,musdb,EnCodec,3.0,4.0664
Signe Jakobsen - What Have You Done To Me,musdb,EnCodec,3.0,4.0308
Skelpolu - Resurrection,musdb,EnCodec,3.0,3.6021
Speak Softly - Broken Man,musdb,EnCodec,3.0,3.944
Speak Softly - Like Horses,musdb,EnCodec,3.0,3.8408
The Doppler Shift - Atrophy,musdb,EnCodec,3.0,3.6444
The Easton Ellises (Baumi) - SDRNR,musdb,EnCodec,3.0,3.942
The Easton Ellises - Falcon 69,musdb,EnCodec,3.0,3.6472
The Long Wait - Dark Horses,musdb,EnCodec,3.0,3.7152
The Mountaineering Club - Mallory,musdb,EnCodec,3.0,3.8743
The Sunshine Garcia Band - For I Am The Moon,musdb,EnCodec,3.0,4.0755
Timboz - Pony,musdb,EnCodec,3.0,3.7046
Tom McKenzie - Directions,musdb,EnCodec,3.0,3.9632
Triviul feat. The Fiend - Widow,musdb,EnCodec,3.0,3.8794
We Fell From The Sky - Not You,musdb,EnCodec,3.0,3.667
Zeno - Signs,musdb,EnCodec,3.0,3.797
1-121951-A-8,esc50,EnCodec,6.0,3.0342
1-172649-B-40,esc50,EnCodec,6.0,4.0422
1-17742-A-12,esc50,EnCodec,6.0,2.8994
1-18074-A-6,esc50,EnCodec,6.0,3.5886
1-208757-A-2,esc50,EnCodec,6.0,4.2817
1-24074-A-43,esc50,EnCodec,6.0,4.0833
1-24524-C-19,esc50,EnCodec,6.0,3.723
1-51436-A-17,esc50,EnCodec,6.0,3.2405
1-51805-E-33,esc50,EnCodec,6.0,3.6404
1-60460-A-36,esc50,EnCodec,6.0,4.17
1-62509-A-45,esc50,EnCodec,6.0,4.0085
1-64473-A-45,esc50,EnCodec,6.0,3.6815
1-79146-A-29,esc50,EnCodec,6.0,2.987
1462-170138-0000,librispeech,EnCodec,6.0,4.1752
1673-143397-0008,librispeech,EnCodec,6.0,3.9821
1919-142785-0028,librispeech,EnCodec,6.0,4.1974
1988-147956-0022,librispeech,EnCodec,6.0,4.0066
1988-24833-0015,librispeech,EnCodec,6.0,4.1743
2-102581-A-29,esc50,EnCodec,6.0,3.8022
2-103424-A-3,esc50,EnCodec,6.0,4.3123
2-114587-A-0,esc50,EnCodec,6.0,3.6002
2-116400-A-0,esc50,EnCodec,6.0,3.9088
2-122820-B-36,esc50,EnCodec,6.0,3.7356
2-141681-B-36,esc50,EnCodec,6.0,3.9195
2-154688-A-31,esc50,EnCodec,6.0,3.5482
2-155801-A-11,esc50,EnCodec,6.0,3.5937
2-166644-C-2,esc50,EnCodec,6.0,4.2231
2-184077-A-49,esc50,EnCodec,6.0,4.2045
2-81970-C-7,esc50,EnCodec,6.0,4.036
2078-142845-0030,librispeech,EnCodec,6.0,4.414
2277-149896-0029,librispeech,EnCodec,6.0,4.2007
2428-83699-0008,librispeech,EnCodec,6.0,4.4625
2428-83699-0027,librispeech,EnCodec,6.0,4.3746
2428-83699-0036,librispeech,EnCodec,6.0,4.5082
2428-83705-0034,librispeech,EnCodec,6.0,4.3568
251-118436-0002,librispeech,EnCodec,6.0,4.4316
251-137823-0007,librispeech,EnCodec,6.0,4.1193
251-137823-0008,librispeech,EnCodec,6.0,4.3843
3-102908-A-4,esc50,EnCodec,6.0,3.4057
3-115382-A-44,esc50,EnCodec,6.0,4.3361
3-125418-A-24,esc50,EnCodec,6.0,4.1544
3-130998-A-28,esc50,EnCodec,6.0,3.8883
3-136451-A-45,esc50,EnCodec,6.0,4.2515
3-144827-A-11,esc50,EnCodec,6.0,3.9403
3-148932-A-34,esc50,EnCodec,6.0,3.8549
3-181132-A-14,esc50,EnCodec,6.0,3.2254
3000-15664-0040,librispeech,EnCodec,6.0,4.4855
3081-166546-0019,librispeech,EnCodec,6.0,4.1304
3081-166546-0081,librispeech,EnCodec,6.0,3.8596
3536-23268-0015,librispeech,EnCodec,6.0,4.2346
3536-23268-0016,librispeech,EnCodec,6.0,4.3431
3536-23268-0026,librispeech,EnCodec,6.0,4.3135
3752-4943-0020,librispeech,EnCodec,6.0,4.2098
3752-4944-0024,librispeech,EnCodec,6.0,4.4287
3752-4944-0050,librispeech,EnCodec,6.0,4.5672
3853-163249-0016,librispeech,EnCodec,6.0,4.5955
3853-163249-0029,librispeech,EnCodec,6.0,4.3152
4-128659-A-33,esc50,EnCodec,6.0,3.3149
4-145006-A-18,esc50,EnCodec,6.0,3.8224
4-157297-A-21,esc50,EnCodec,6.0,3.8438
4-157611-A-41,esc50,EnCodec,6.0,4.2085
4-159426-A-9,esc50,EnCodec,6.0,3.9248
4-182795-A-14,esc50,EnCodec,6.0,3.6843
4-186693-A-17,esc50,EnCodec,6.0,3.5985
4-198962-B-25,esc50,EnCodec,6.0,3.8234
4-218199-F-35,esc50,EnCodec,6.0,4.1623
4-59579-A-20,esc50,EnCodec,6.0,3.7883
5-117120-A-42,esc50,EnCodec,6.0,3.303
5-133989-A-42,esc50,EnCodec,6.0,3.6207
5-197121-B-45,esc50,EnCodec,6.0,4.0896
5-204604-A-24,esc50,EnCodec,6.0,4.1533
5-212454-A-0,esc50,EnCodec,6.0,3.8924
5-235874-A-28,esc50,EnCodec,6.0,3.4035
5-253094-C-49,esc50,EnCodec,6.0,4.2748
5-61635-A-8,esc50,EnCodec,6.0,4.2007
5338-284437-0000,librispeech,EnCodec,6.0,4.2001
5338-284437-0007,librispeech,EnCodec,6.0,4.3943
5338-284437-0033,librispeech,EnCodec,6.0,4.1043
5536-43359-0018,librispeech,EnCodec,6.0,4.4576
5536-43363-0014,librispeech,EnCodec,6.0,4.3397
5694-64029-0017,librispeech,EnCodec,6.0,4.4421
5895-34615-0017,librispeech,EnCodec,6.0,4.0585
5895-34629-0023,librispeech,EnCodec,6.0,4.4765
6241-61946-0005,librispeech,EnCodec,6.0,4.5651
6241-61946-0008,librispeech,EnCodec,6.0,3.9265
6313-66125-0015,librispeech,EnCodec,6.0,4.2337
6313-66125-0024,librispeech,EnCodec,6.0,4.117
6313-66129-0014,librispeech,EnCodec,6.0,4.2368
6313-66129-0030,librispeech,EnCodec,6.0,3.6994
6313-76958-0017,librispeech,EnCodec,6.0,4.1226
6345-93306-0005,librispeech,EnCodec,6.0,4.0129
6345-93306-0009,librispeech,EnCodec,6.0,4.1349
777-126732-0003,librispeech,EnCodec,6.0,4.2056
777-126732-0004,librispeech,EnCodec,6.0,4.3585
777-126732-0021,librispeech,EnCodec,6.0,4.3581
7850-286674-0012,librispeech,EnCodec,6.0,3.8472
7976-110124-0007,librispeech,EnCodec,6.0,4.3778
8297-275156-0001,librispeech,EnCodec,6.0,4.4485
84-121123-0027,librispeech,EnCodec,6.0,4.248
84-121550-0002,librispeech,EnCodec,6.0,4.3954
AM Contra - Heart Peripheral,musdb,EnCodec,6.0,4.2704
Al James - Schoolboy Facination,musdb,EnCodec,6.0,4.3058
Angels In Amplifiers - I'm Alright,musdb,EnCodec,6.0,4.2548
Arise - Run Run Run,musdb,EnCodec,6.0,4.4467
BKS - Bulldozer,musdb,EnCodec,6.0,4.3816
BKS - Too Much,musdb,EnCodec,6.0,4.2603
Ben Carrigan - We'll Talk About It All Tonight,musdb,EnCodec,6.0,4.3645
Bobby Nobody - Stitch Up,musdb,EnCodec,6.0,4.4628
Buitraker - Revo X,musdb,EnCodec,6.0,4.2394
Carlos Gonzalez - A Place For Us,musdb,EnCodec,6.0,4.179
Cristina Vane - So Easy,musdb,EnCodec,6.0,4.3042
Detsky Sad - Walkie Talkie,musdb,EnCodec,6.0,4.0474
Enda Reilly - Cur An Long Ag Seol,musdb,EnCodec,6.0,4.4546
Forkupines - Semantics,musdb,EnCodec,6.0,4.4062
Georgia Wonder - Siren,musdb,EnCodec,6.0,4.3456
Girls Under Glass - We Feel Alright,musdb,EnCodec,6.0,4.3504
Hollow Ground - Ill Fate,musdb,EnCodec,6.0,4.3279
James Elder & Mark M Thompson - The English Actor,musdb,EnCodec,6.0,4.1567
Juliet's Rescue - Heartbeats,musdb,EnCodec,6.0,4.3562
Little Chicago's Finest - My Own,musdb,EnCodec,6.0,4.4929
Louis Cressy Band - Good Time,musdb,EnCodec,6.0,4.2733
Lyndsey Ollard - Catching Up,musdb,EnCodec,6.0,4.359
M.E.R.C. Music - Knockout,musdb,EnCodec,6.0,4.3479
Moosmusic - Big Dummy Shake,musdb,EnCodec,6.0,4.2838
Motor Tapes - Shore,musdb,EnCodec,6.0,4.4434
Mu - Too Bright,musdb,EnCodec,6.0,4.4509
Nerve 9 - Pray For The Rain,musdb,EnCodec,6.0,4.3526
PR - Happy Daze,musdb,EnCodec,6.0,4.0545
PR - Oh No,musdb,EnCodec,6.0,4.5201
Punkdisco - Oral Hygiene,musdb,EnCodec,6.0,4.2103
Raft Monk - Tiring,musdb,EnCodec,6.0,4.2323
Sambasevam Shanmugam - Kaathaadi,musdb,EnCodec,6.0,4.4934
Secretariat - Borderline,musdb,EnCodec,6.0,4.3714
Secretariat - Over The Top,musdb,EnCodec,6.0,4.3452
Side Effects Project - Sing With Me,musdb,EnCodec,6.0,4.4171
Signe Jakobsen - What Have You Done To Me,musdb,EnCodec,6.0,4.4422
Skelpolu - Resurrection,musdb,EnCodec,6.0,4.1929
Speak Softly - Broken Man,musdb,EnCodec,6.0,4.3945
Speak Softly - Like Horses,musdb,EnCodec,6.0,4.3378
The Doppler Shift - Atrophy,musdb,EnCodec,6.0,4.2148
The Easton Ellises (Baumi) - SDRNR,musdb,EnCodec,6.0,4.3776
The Easton Ellises - Falcon 69,musdb,EnCodec,6.0,4.2745
The Long Wait - Dark Horses,musdb,EnCodec,6.0,4.2998
The Mountaineering Club - Mallory,musdb,EnCodec,6.0,4.2811
The Sunshine Garcia Band - For I Am The Moon,musdb,EnCodec,6.0,4.5218
Timboz - Pony,musdb,EnCodec,6.0,4.1423
Tom McKenzie - Directions,musdb,EnCodec,6.0,4.4237
Triviul feat. The Fiend - Widow,musdb,EnCodec,6.0,4.3603
We Fell From The Sky - Not You,musdb,EnCodec,6.0,4.1861
Zeno - Signs,musdb,EnCodec,6.0,4.3016
1-121951-A-8,esc50,DAC,8.0,4.7883
1-172649-B-40,esc50,DAC,8.0,4.5785
1-17742-A-12,esc50,DAC,8.0,4.7658
1-18074-A-6,esc50,DAC,8.0,4.7798
1-208757-A-2,esc50,DAC,8.0,4.8892
1-24074-A-43,esc50,DAC,8.0,4.8506
1-24524-C-19,esc50,DAC,8.0,4.8243
1-51436-A-17,esc50,DAC,8.0,4.2309
1-51805-E-33,esc50,DAC,8.0,4.68
1-60460-A-36,esc50,DAC,8.0,4.8305
1-62509-A-45,esc50,DAC,8.0,4.8083
1-64473-A-45,esc50,DAC,8.0,4.6357
1-79146-A-29,esc50,DAC,8.0,4.6306
1462-170138-0000,librispeech,DAC,8.0,4.9059
1673-143397-0008,librispeech,DAC,8.0,4.8891
1919-142785-0028,librispeech,DAC,8.0,4.9168
1988-147956-0022,librispeech,DAC,8.0,4.8818
1988-24833-0015,librispeech,DAC,8.0,4.9238
2-102581-A-29,esc50,DAC,8.0,4.8286
2-103424-A-3,esc50,DAC,8.0,4.8852
2-114587-A-0,esc50,DAC,8.0,4.6164
2-116400-A-0,esc50,DAC,8.0,4.852
2-122820-B-36,esc50,DAC,8.0,4.6116
2-141681-B-36,esc50,DAC,8.0,4.7689
2-154688-A-31,esc50,DAC,8.0,4.8035
2-155801-A-11,esc50,DAC,8.0,4.5996
2-166644-C-2,esc50,DAC,8.0,4.8965
2-184077-A-49,esc50,DAC,8.0,4.9093
2-81970-C-7,esc50,DAC,8.0,4.8135
2078-142845-0030,librispeech,DAC,8.0,4.9224
2277-149896-0029,librispeech,DAC,8.0,4.9184
2428-83699-0008,librispeech,DAC,8.0,4.9296
2428-83699-0027,librispeech,DAC,8.0,4.9368
2428-83699-0036,librispeech,DAC,8.0,4.9397
2428-83705-0034,librispeech,DAC,8.0,4.9345
251-118436-0002,librispeech,DAC,8.0,4.9247
251-137823-0007,librispeech,DAC,8.0,4.9063
251-137823-0008,librispeech,DAC,8.0,4.9215
3-102908-A-4,esc50,DAC,8.0,4.819
3-115382-A-44,esc50,DAC,8.0,4.8625
3-125418-A-24,esc50,DAC,8.0,4.9219
3-130998-A-28,esc50,DAC,8.0,4.7266
3-136451-A-45,esc50,DAC,8.0,4.8452
3-144827-A-11,esc50,DAC,8.0,4.7117
3-148932-A-34,esc50,DAC,8.0,4.9261
3-181132-A-14,esc50,DAC,8.0,4.7583
3000-15664-0040,librispeech,DAC,8.0,4.9295
3081-166546-0019,librispeech,DAC,8.0,4.9353
3081-166546-0081,librispeech,DAC,8.0,4.8003
3536-23268-0015,librispeech,DAC,8.0,4.9465
3536-23268-0016,librispeech,DAC,8.0,4.9323
3536-23268-0026,librispeech,DAC,8.0,4.9332
3752-4943-0020,librispeech,DAC,8.0,4.9011
3752-4944-0024,librispeech,DAC,8.0,4.9297
3752-4944-0050,librispeech,DAC,8.0,4.9355
3853-163249-0016,librispeech,DAC,8.0,4.9494
3853-163249-0029,librispeech,DAC,8.0,4.9301
4-128659-A-33,esc50,DAC,8.0,4.5417
4-145006-A-18,esc50,DAC,8.0,4.7507
4-157297-A-21,esc50,DAC,8.0,4.9246
4-157611-A-41,esc50,DAC,8.0,4.781
4-159426-A-9,esc50,DAC,8.0,4.8699
4-182795-A-14,esc50,DAC,8.0,4.6862
4-186693-A-17,esc50,DAC,8.0,4.784
4-198962-B-25,esc50,DAC,8.0,4.8939
4-218199-F-35,esc50,DAC,8.0,4.7514
4-59579-A-20,esc50,DAC,8.0,4.6962
5-117120-A-42,esc50,DAC,8.0,4.5399
5-133989-A-42,esc50,DAC,8.0,4.6437
5-197121-B-45,esc50,DAC,8.0,4.8431
5-204604-A-24,esc50,DAC,8.0,4.6235
5-212454-A-0,esc50,DAC,8.0,4.8936
5-235874-A-28,esc50,DAC,8.0,4.8655
5-253094-C-49,esc50,DAC,8.0,4.8908
5-61635-A-8,esc50,DAC,8.0,4.9168
5338-284437-0000,librispeech,DAC,8.0,4.9424
5338-284437-0007,librispeech,DAC,8.0,4.9506
5338-284437-0033,librispeech,DAC,8.0,4.9186
5536-43359-0018,librispeech,DAC,8.0,4.9377
5536-43363-0014,librispeech,DAC,8.0,4.9258
5694-64029-0017,librispeech,DAC,8.0,4.9444
5895-34615-0017,librispeech,DAC,8.0,4.9021
5895-34629-0023,librispeech,DAC,8.0,4.9493
6241-61946-0005,librispeech,DAC,8.0,4.9346
6241-61946-0008,librispeech,DAC,8.0,4.8906
6313-66125-0015,librispeech,DAC,8.0,4.8616
6313-66125-0024,librispeech,DAC,8.0,4.814
6313-66129-0014,librispeech,DAC,8.0,4.8576
6313-66129-0030,librispeech,DAC,8.0,4.7447
6313-76958-0017,librispeech,DAC,8.0,4.8463
6345-93306-0005,librispeech,DAC,8.0,4.8499
6345-93306-0009,librispeech,DAC,8.0,4.8709
777-126732-0003,librispeech,DAC,8.0,4.9164
777-126732-0004,librispeech,DAC,8.0,4.9291
777-126732-0021,librispeech,DAC,8.0,4.9313
7850-286674-0012,librispeech,DAC,8.0,4.9077
7976-110124-0007,librispeech,DAC,8.0,4.9254
8297-275156-0001,librispeech,DAC,8.0,4.9357
84-121123-0027,librispeech,DAC,8.0,4.9217
84-121550-0002,librispeech,DAC,8.0,4.9281
AM Contra - Heart Peripheral,musdb,DAC,8.0,4.7902
Al James - Schoolboy Facination,musdb,DAC,8.0,4.8729
Angels In Amplifiers - I'm Alright,musdb,DAC,8.0,4.8633
Arise - Run Run Run,musdb,DAC,8.0,4.9197
BKS - Bulldozer,musdb,DAC,8.0,4.8735
BKS - Too Much,musdb,DAC,8.0,4.8257
Ben Carrigan - We'll Talk About It All Tonight,musdb,DAC,8.0,4.9203
Bobby Nobody - Stitch Up,musdb,DAC,8.0,4.9189
Buitraker - Revo X,musdb,DAC,8.0,4.8528
Carlos Gonzalez - A Place For Us,musdb,DAC,8.0,4.8521
Cristina Vane - So Easy,musdb,DAC,8.0,4.8682
Detsky Sad - Walkie Talkie,musdb,DAC,8.0,4.8396
Enda Reilly - Cur An Long Ag Seol,musdb,DAC,8.0,4.8845
Forkupines - Semantics,musdb,DAC,8.0,4.8525
Georgia Wonder - Siren,musdb,DAC,8.0,4.8989
Girls Under Glass - We Feel Alright,musdb,DAC,8.0,4.8907
Hollow Ground - Ill Fate,musdb,DAC,8.0,4.8817
James Elder & Mark M Thompson - The English Actor,musdb,DAC,8.0,4.8599
Juliet's Rescue - Heartbeats,musdb,DAC,8.0,4.8519
Little Chicago's Finest - My Own,musdb,DAC,8.0,4.8896
Louis Cressy Band - Good Time,musdb,DAC,8.0,4.8823
Lyndsey Ollard - Catching Up,musdb,DAC,8.0,4.9022
M.E.R.C. Music - Knockout,musdb,DAC,8.0,4.8679
Moosmusic - Big Dummy Shake,musdb,DAC,8.0,4.8535
Motor Tapes - Shore,musdb,DAC,8.0,4.8874
Mu - Too Bright,musdb,DAC,8.0,4.8981
Nerve 9 - Pray For The Rain,musdb,DAC,8.0,4.8853
PR - Happy Daze,musdb,DAC,8.0,4.8814
PR - Oh No,musdb,DAC,8.0,4.9314
Punkdisco - Oral Hygiene,musdb,DAC,8.0,4.8614
Raft Monk - Tiring,musdb,DAC,8.0,4.8583
Sambasevam Shanmugam - Kaathaadi,musdb,DAC,8.0,4.8849
Secretariat - Borderline,musdb,DAC,8.0,4.8754
Secretariat - Over The Top,musdb,DAC,8.0,4.8638
Side Effects Project - Sing With Me,musdb,DAC,8.0,4.9032
Signe Jakobsen - What Have You Done To Me,musdb,DAC,8.0,4.9162
Skelpolu - Resurrection,musdb,DAC,8.0,4.7522
Speak Softly - Broken Man,musdb,DAC,8.0,4.9217
Speak Softly - Like Horses,musdb,DAC,8.0,4.8756
The Doppler Shift - Atrophy,musdb,DAC,8.0,4.7799
The Easton Ellises (Baumi) - SDRNR,musdb,DAC,8.0,4.9098
The Easton Ellises - Falcon 69,musdb,DAC,8.0,4.8281
The Long Wait - Dark Horses,musdb,DAC,8.0,4.862
The Mountaineering Club - Mallory,musdb,DAC,8.0,4.8636
The Sunshine Garcia Band - For I Am The Moon,musdb,DAC,8.0,4.9127
Timboz - Pony,musdb,DAC,8.0,4.8898
Tom McKenzie - Directions,musdb,DAC,8.0,4.9157
Triviul feat. The Fiend - Widow,musdb,DAC,8.0,4.8877
We Fell From The Sky - Not You,musdb,DAC,8.0,4.8664
Zeno - Signs,musdb,DAC,8.0,4.8737
1-121951-A-8,esc50,SNAC,0.8,2.6704
1-172649-B-40,esc50,SNAC,0.8,2.1342
1-17742-A-12,esc50,SNAC,0.8,1.3286
1-18074-A-6,esc50,SNAC,0.8,2.99
1-208757-A-2,esc50,SNAC,0.8,2.9217
1-24074-A-43,esc50,SNAC,0.8,2.1504
1-24524-C-19,esc50,SNAC,0.8,2.3128
1-51436-A-17,esc50,SNAC,0.8,2.5456
1-51805-E-33,esc50,SNAC,0.8,2.6904
1-60460-A-36,esc50,SNAC,0.8,2.4653
1-62509-A-45,esc50,SNAC,0.8,1.8412
1-64473-A-45,esc50,SNAC,0.8,1.327
1-79146-A-29,esc50,SNAC,0.8,2.5906
1462-170138-0000,librispeech,SNAC,0.8,3.7306
1673-143397-0008,librispeech,SNAC,0.8,3.4568
1919-142785-0028,librispeech,SNAC,0.8,3.4727
1988-147956-0022,librispeech,SNAC,0.8,3.5295
1988-24833-0015,librispeech,SNAC,0.8,3.7075
2-102581-A-29,esc50,SNAC,0.8,3.9103
2-103424-A-3,esc50,SNAC,0.8,3.0257
2-114587-A-0,esc50,SNAC,0.8,3.1254
2-116400-A-0,esc50,SNAC,0.8,2.8689
2-122820-B-36,esc50,SNAC,0.8,1.8849
2-141681-B-36,esc50,SNAC,0.8,1.6085
2-154688-A-31,esc50,SNAC,0.8,3.2904
2-155801-A-11,esc50,SNAC,0.8,1.397
2-166644-C-2,esc50,SNAC,0.8,2.7062
2-184077-A-49,esc50,SNAC,0.8,3.0602
2-81970-C-7,esc50,SNAC,0.8,3.1839
2078-142845-0030,librispeech,SNAC,0.8,3.7253
2277-149896-0029,librispeech,SNAC,0.8,3.633
2428-83699-0008,librispeech,SNAC,0.8,4.006
2428-83699-0027,librispeech,SNAC,0.8,4.1458
2428-83699-0036,librispeech,SNAC,0.8,4.1614
2428-83705-0034,librispeech,SNAC,0.8,4.0871
251-118436-0002,librispeech,SNAC,0.8,3.8486
251-137823-0007,librispeech,SNAC,0.8,3.7328
251-137823-0008,librispeech,SNAC,0.8,4.0297
3-102908-A-4,esc50,SNAC,0.8,2.0043
3-115382-A-44,esc50,SNAC,0.8,3.0415
3-125418-A-24,esc50,SNAC,0.8,3.2304
3-130998-A-28,esc50,SNAC,0.8,1.9774
3-136451-A-45,esc50,SNAC,0.8,2.2169
3-144827-A-11,esc50,SNAC,0.8,2.2581
3-148932-A-34,esc50,SNAC,0.8,4.1365
3-181132-A-14,esc50,SNAC,0.8,2.2984
3000-15664-0040,librispeech,SNAC,0.8,3.8278
3081-166546-0019,librispeech,SNAC,0.8,3.3003
3081-166546-0081,librispeech,SNAC,0.8,2.999
3536-23268-0015,librispeech,SNAC,0.8,3.3691
3536-23268-0016,librispeech,SNAC,0.8,3.518
3536-23268-0026,librispeech,SNAC,0.8,3.4184
3752-4943-0020,librispeech,SNAC,0.8,3.4982
3752-4944-0024,librispeech,SNAC,0.8,3.7595
3752-4944-0050,librispeech,SNAC,0.8,4.0778
3853-163249-0016,librispeech,SNAC,0.8,3.7699
3853-163249-0029,librispeech,SNAC,0.8,3.5995
4-128659-A-33,esc50,SNAC,0.8,2.3187
4-145006-A-18,esc50,SNAC,0.8,1.7008
4-157297-A-21,esc50,SNAC,0.8,3.6764
4-157611-A-41,esc50,SNAC,0.8,1.9315
4-159426-A-9,esc50,SNAC,0.8,2.8065
4-182795-A-14,esc50,SNAC,0.8,2.923
4-186693-A-17,esc50,SNAC,0.8,2.996
4-198962-B-25,esc50,SNAC,0.8,3.3273
4-218199-F-35,esc50,SNAC,0.8,2.4169
4-59579-A-20,esc50,SNAC,0.8,2.7121
5-117120-A-42,esc50,SNAC,0.8,2.8248
5-133989-A-42,esc50,SNAC,0.8,2.4728
5-197121-B-45,esc50,SNAC,0.8,2.5293
5-204604-A-24,esc50,SNAC,0.8,3.3923
5-212454-A-0,esc50,SNAC,0.8,3.1673
5-235874-A-28,esc50,SNAC,0.8,3.3405
5-253094-C-49,esc50,SNAC,0.8,2.7597
5-61635-A-8,esc50,SNAC,0.8,2.6214
5338-284437-0000,librispeech,SNAC,0.8,3.7733
5338-284437-0007,librispeech,SNAC,0.8,4.0502
5338-284437-0033,librispeech,SNAC,0.8,3.6189
5536-43359-0018,librispeech,SNAC,0.8,3.825
5536-43363-0014,librispeech,SNAC,0.8,3.6891
5694-64029-0017,librispeech,SNAC,0.8,4.0878
5895-34615-0017,librispeech,SNAC,0.8,3.463
5895-34629-0023,librispeech,SNAC,0.8,4.148
6241-61946-0005,librispeech,SNAC,0.8,4.0229
6241-61946-0008,librispeech,SNAC,0.8,3.4148
6313-66125-0015,librispeech,SNAC,0.8,3.5674
6313-66125-0024,librispeech,SNAC,0.8,3.5685
6313-66129-0014,librispeech,SNAC,0.8,3.7043
6313-66129-0030,librispeech,SNAC,0.8,2.9337
6313-76958-0017,librispeech,SNAC,0.8,3.6089
6345-93306-0005,librispeech,SNAC,0.8,3.5898
6345-93306-0009,librispeech,SNAC,0.8,3.7784
777-126732-0003,librispeech,SNAC,0.8,3.5803
777-126732-0004,librispeech,SNAC,0.8,3.6465
777-126732-0021,librispeech,SNAC,0.8,3.6651
7850-286674-0012,librispeech,SNAC,0.8,3.2743
7976-110124-0007,librispeech,SNAC,0.8,3.9681
8297-275156-0001,librispeech,SNAC,0.8,3.9117
84-121123-0027,librispeech,SNAC,0.8,3.4827
84-121550-0002,librispeech,SNAC,0.8,3.7639
AM Contra - Heart Peripheral,musdb,SNAC,0.8,2.2631
Al James - Schoolboy Facination,musdb,SNAC,0.8,2.6517
Angels In Amplifiers - I'm Alright,musdb,SNAC,0.8,2.4822
Arise - Run Run Run,musdb,SNAC,0.8,2.9944
BKS - Bulldozer,musdb,SNAC,0.8,2.7405
BKS - Too Much,musdb,SNAC,0.8,2.2708
Ben Carrigan - We'll Talk About It All Tonight,musdb,SNAC,0.8,3.561
Bobby Nobody - Stitch Up,musdb,SNAC,0.8,3.0676
Buitraker - Revo X,musdb,SNAC,0.8,2.4865
Carlos Gonzalez - A Place For Us,musdb,SNAC,0.8,2.2296
Cristina Vane - So Easy,musdb,SNAC,0.8,2.4872
Detsky Sad - Walkie Talkie,musdb,SNAC,0.8,2.3502
Enda Reilly - Cur An Long Ag Seol,musdb,SNAC,0.8,2.8046
Forkupines - Semantics,musdb,SNAC,0.8,2.3096
Georgia Wonder - Siren,musdb,SNAC,0.8,2.4688
Girls Under Glass - We Feel Alright,musdb,SNAC,0.8,2.5516
Hollow Ground - Ill Fate,musdb,SNAC,0.8,2.8019
James Elder & Mark M Thompson - The English Actor,musdb,SNAC,0.8,2.0978
Juliet's Rescue - Heartbeats,musdb,SNAC,0.8,2.5088
Little Chicago's Finest - My Own,musdb,SNAC,0.8,2.9966
Louis Cressy Band - Good Time,musdb,SNAC,0.8,2.1145
Lyndsey Ollard - Catching Up,musdb,SNAC,0.8,2.8619
M.E.R.C. Music - Knockout,musdb,SNAC,0.8,2.8238
Moosmusic - Big Dummy Shake,musdb,SNAC,0.8,2.503
Motor Tapes - Shore,musdb,SNAC,0.8,3.1313
Mu - Too Bright,musdb,SNAC,0.8,2.9798
Nerve 9 - Pray For The Rain,musdb,SNAC,0.8,2.4229
PR - Happy Daze,musdb,SNAC,0.8,3.1664
PR - Oh No,musdb,SNAC,0.8,3.3432
Punkdisco - Oral Hygiene,musdb,SNAC,0.8,2.8865
Raft Monk - Tiring,musdb,SNAC,0.8,2.1999
Sambasevam Shanmugam - Kaathaadi,musdb,SNAC,0.8,2.9348
Secretariat - Borderline,musdb,SNAC,0.8,2.721
Secretariat - Over The Top,musdb,SNAC,0.8,2.5642
Side Effects Project - Sing With Me,musdb,SNAC,0.8,3.174
Signe Jakobsen - What Have You Done To Me,musdb,SNAC,0.8,3.0479
Skelpolu - Resurrection,musdb,SNAC,0.8,2.0688
Speak Softly - Broken Man,musdb,SNAC,0.8,2.3811
Speak Softly - Like Horses,musdb,SNAC,0.8,2.6734
The Doppler Shift - Atrophy,musdb,SNAC,0.8,2.0997
The Easton Ellises (Baumi) - SDRNR,musdb,SNAC,0.8,2.8273
The Easton Ellises - Falcon 69,musdb,SNAC,0.8,2.3645
The Long Wait - Dark Horses,musdb,SNAC,0.8,2.305
The Mountaineering Club - Mallory,musdb,SNAC,0.8,3.2823
The Sunshine Garcia Band - For I Am The Moon,musdb,SNAC,0.8,2.7937
Timboz - Pony,musdb,SNAC,0.8,2.5875
Tom McKenzie - Directions,musdb,SNAC,0.8,3.0772
Triviul feat. The Fiend - Widow,musdb,SNAC,0.8,2.7184
We Fell From The Sky - Not You,musdb,SNAC,0.8,2.4156
Zeno - Signs,musdb,SNAC,0.8,2.5864
1462-170138-0000,librispeech,WavTokenizer,0.9,3.7699
1673-143397-0008,librispeech,WavTokenizer,0.9,3.5824
1919-142785-0028,librispeech,WavTokenizer,0.9,3.6535
1988-147956-0022,librispeech,WavTokenizer,0.9,3.7711
1988-24833-0015,librispeech,WavTokenizer,0.9,3.864
2078-142845-0030,librispeech,WavTokenizer,0.9,3.9433
2277-149896-0029,librispeech,WavTokenizer,0.9,3.902
2428-83699-0008,librispeech,WavTokenizer,0.9,4.1426
2428-83699-0027,librispeech,WavTokenizer,0.9,4.1035
2428-83699-0036,librispeech,WavTokenizer,0.9,4.1513
2428-83705-0034,librispeech,WavTokenizer,0.9,4.0257
251-118436-0002,librispeech,WavTokenizer,0.9,3.9764
251-137823-0007,librispeech,WavTokenizer,0.9,3.4824
251-137823-0008,librispeech,WavTokenizer,0.9,3.8055
3000-15664-0040,librispeech,WavTokenizer,0.9,3.9531
3081-166546-0019,librispeech,WavTokenizer,0.9,3.4412
3081-166546-0081,librispeech,WavTokenizer,0.9,3.3873
3536-23268-0015,librispeech,WavTokenizer,0.9,3.8497
3536-23268-0016,librispeech,WavTokenizer,0.9,3.8331
3536-23268-0026,librispeech,WavTokenizer,0.9,3.6358
3752-4943-0020,librispeech,WavTokenizer,0.9,3.5445
3752-4944-0024,librispeech,WavTokenizer,0.9,3.7463
3752-4944-0050,librispeech,WavTokenizer,0.9,3.9484
3853-163249-0016,librispeech,WavTokenizer,0.9,4.0942
3853-163249-0029,librispeech,WavTokenizer,0.9,3.7599
5338-284437-0000,librispeech,WavTokenizer,0.9,3.8014
5338-284437-0007,librispeech,WavTokenizer,0.9,3.8272
5338-284437-0033,librispeech,WavTokenizer,0.9,3.6937
5536-43359-0018,librispeech,WavTokenizer,0.9,3.8906
5536-43363-0014,librispeech,WavTokenizer,0.9,3.9204
5694-64029-0017,librispeech,WavTokenizer,0.9,3.9912
5895-34615-0017,librispeech,WavTokenizer,0.9,3.7908
5895-34629-0023,librispeech,WavTokenizer,0.9,4.2561
6241-61946-0005,librispeech,WavTokenizer,0.9,4.0618
6241-61946-0008,librispeech,WavTokenizer,0.9,3.4543
6313-66125-0015,librispeech,WavTokenizer,0.9,3.6682
6313-66125-0024,librispeech,WavTokenizer,0.9,3.6959
6313-66129-0014,librispeech,WavTokenizer,0.9,3.6902
6313-66129-0030,librispeech,WavTokenizer,0.9,2.8517
6313-76958-0017,librispeech,WavTokenizer,0.9,3.5877
6345-93306-0005,librispeech,WavTokenizer,0.9,3.6568
6345-93306-0009,librispeech,WavTokenizer,0.9,3.8192
777-126732-0003,librispeech,WavTokenizer,0.9,3.8362
777-126732-0004,librispeech,WavTokenizer,0.9,3.8756
777-126732-0021,librispeech,WavTokenizer,0.9,3.8233
7850-286674-0012,librispeech,WavTokenizer,0.9,3.5218
7976-110124-0007,librispeech,WavTokenizer,0.9,3.968
8297-275156-0001,librispeech,WavTokenizer,0.9,3.8165
84-121123-0027,librispeech,WavTokenizer,0.9,3.8326
84-121550-0002,librispeech,WavTokenizer,0.9,3.898
1-121951-A-8,esc50,WavTokenizer,0.9,2.7887
1-172649-B-40,esc50,WavTokenizer,0.9,2.3048
1-17742-A-12,esc50,WavTokenizer,0.9,1.9409
1-18074-A-6,esc50,WavTokenizer,0.9,3.1538
1-208757-A-2,esc50,WavTokenizer,0.9,2.8657
1-24074-A-43,esc50,WavTokenizer,0.9,2.9905
1-24524-C-19,esc50,WavTokenizer,0.9,2.6013
1-51436-A-17,esc50,WavTokenizer,0.9,2.5236
1-51805-E-33,esc50,WavTokenizer,0.9,3.0273
1-60460-A-36,esc50,WavTokenizer,0.9,3.3561
1-62509-A-45,esc50,WavTokenizer,0.9,2.1692
1-64473-A-45,esc50,WavTokenizer,0.9,1.54
1-79146-A-29,esc50,WavTokenizer,0.9,2.4789
2-102581-A-29,esc50,WavTokenizer,0.9,3.6392
2-103424-A-3,esc50,WavTokenizer,0.9,3.5765
2-114587-A-0,esc50,WavTokenizer,0.9,3.1729
2-116400-A-0,esc50,WavTokenizer,0.9,3.2196
2-122820-B-36,esc50,WavTokenizer,0.9,2.4732
2-141681-B-36,esc50,WavTokenizer,0.9,2.4128
2-154688-A-31,esc50,WavTokenizer,0.9,3.3891
2-155801-A-11,esc50,WavTokenizer,0.9,1.7961
2-166644-C-2,esc50,WavTokenizer,0.9,2.7829
2-184077-A-49,esc50,WavTokenizer,0.9,2.8378
2-81970-C-7,esc50,WavTokenizer,0.9,3.2926
3-102908-A-4,esc50,WavTokenizer,0.9,2.0595
3-115382-A-44,esc50,WavTokenizer,0.9,3.2091
3-125418-A-24,esc50,WavTokenizer,0.9,3.361
3-130998-A-28,esc50,WavTokenizer,0.9,2.2539
3-136451-A-45,esc50,WavTokenizer,0.9,2.8967
3-144827-A-11,esc50,WavTokenizer,0.9,2.7866
3-148932-A-34,esc50,WavTokenizer,0.9,4.1214
3-181132-A-14,esc50,WavTokenizer,0.9,2.4016
4-128659-A-33,esc50,WavTokenizer,0.9,2.8988
4-145006-A-18,esc50,WavTokenizer,0.9,1.9685
4-157297-A-21,esc50,WavTokenizer,0.9,3.5414
4-157611-A-41,esc50,WavTokenizer,0.9,2.926
4-159426-A-9,esc50,WavTokenizer,0.9,3.2923
4-182795-A-14,esc50,WavTokenizer,0.9,2.8947
4-186693-A-17,esc50,WavTokenizer,0.9,2.9963
4-198962-B-25,esc50,WavTokenizer,0.9,3.5958
4-218199-F-35,esc50,WavTokenizer,0.9,2.9328
4-59579-A-20,esc50,WavTokenizer,0.9,3.2407
5-117120-A-42,esc50,WavTokenizer,0.9,3.102
5-133989-A-42,esc50,WavTokenizer,0.9,3.1751
5-197121-B-45,esc50,WavTokenizer,0.9,2.6248
5-204604-A-24,esc50,WavTokenizer,0.9,3.2303
5-212454-A-0,esc50,WavTokenizer,0.9,3.4961
5-235874-A-28,esc50,WavTokenizer,0.9,3.2662
5-253094-C-49,esc50,WavTokenizer,0.9,3.0943
5-61635-A-8,esc50,WavTokenizer,0.9,3.6214
AM Contra - Heart Peripheral,musdb,WavTokenizer,0.9,2.6163
Al James - Schoolboy Facination,musdb,WavTokenizer,0.9,3.0575
Angels In Amplifiers - I'm Alright,musdb,WavTokenizer,0.9,2.9915
Arise - Run Run Run,musdb,WavTokenizer,0.9,3.2939
BKS - Bulldozer,musdb,WavTokenizer,0.9,3.1529
BKS - Too Much,musdb,WavTokenizer,0.9,2.7262
Ben Carrigan - We'll Talk About It All Tonight,musdb,WavTokenizer,0.9,3.627
Bobby Nobody - Stitch Up,musdb,WavTokenizer,0.9,3.1922
Buitraker - Revo X,musdb,WavTokenizer,0.9,2.817
Carlos Gonzalez - A Place For Us,musdb,WavTokenizer,0.9,2.6327
Cristina Vane - So Easy,musdb,WavTokenizer,0.9,3.0191
Detsky Sad - Walkie Talkie,musdb,WavTokenizer,0.9,2.6091
Enda Reilly - Cur An Long Ag Seol,musdb,WavTokenizer,0.9,3.1702
Forkupines - Semantics,musdb,WavTokenizer,0.9,3.0082
Georgia Wonder - Siren,musdb,WavTokenizer,0.9,2.8819
Girls Under Glass - We Feel Alright,musdb,WavTokenizer,0.9,3.2507
Hollow Ground - Ill Fate,musdb,WavTokenizer,0.9,3.242
James Elder & Mark M Thompson - The English Actor,musdb,WavTokenizer,0.9,2.5187
Juliet's Rescue - Heartbeats,musdb,WavTokenizer,0.9,2.9648
Little Chicago's Finest - My Own,musdb,WavTokenizer,0.9,3.2032
Louis Cressy Band - Good Time,musdb,WavTokenizer,0.9,2.9249
Lyndsey Ollard - Catching Up,musdb,WavTokenizer,0.9,3.0703
M.E.R.C. Music - Knockout,musdb,WavTokenizer,0.9,2.7524
Moosmusic - Big Dummy Shake,musdb,WavTokenizer,0.9,2.8355
Motor Tapes - Shore,musdb,WavTokenizer,0.9,3.4025
Mu - Too Bright,musdb,WavTokenizer,0.9,3.4506
Nerve 9 - Pray For The Rain,musdb,WavTokenizer,0.9,3.2835
PR - Happy Daze,musdb,WavTokenizer,0.9,3.4988
PR - Oh No,musdb,WavTokenizer,0.9,3.6952
Punkdisco - Oral Hygiene,musdb,WavTokenizer,0.9,3.3983
Raft Monk - Tiring,musdb,WavTokenizer,0.9,2.4695
Sambasevam Shanmugam - Kaathaadi,musdb,WavTokenizer,0.9,3.36
Secretariat - Borderline,musdb,WavTokenizer,0.9,3.0601
Secretariat - Over The Top,musdb,WavTokenizer,0.9,2.9872
Side Effects Project - Sing With Me,musdb,WavTokenizer,0.9,3.3233
Signe Jakobsen - What Have You Done To Me,musdb,WavTokenizer,0.9,3.1809
Skelpolu - Resurrection,musdb,WavTokenizer,0.9,2.7225
Speak Softly - Broken Man,musdb,WavTokenizer,0.9,3.3757
Speak Softly - Like Horses,musdb,WavTokenizer,0.9,3.2761
The Doppler Shift - Atrophy,musdb,WavTokenizer,0.9,2.7576
The Easton Ellises (Baumi) - SDRNR,musdb,WavTokenizer,0.9,3.1682
The Easton Ellises - Falcon 69,musdb,WavTokenizer,0.9,2.5726
The Long Wait - Dark Horses,musdb,WavTokenizer,0.9,2.4956
The Mountaineering Club - Mallory,musdb,WavTokenizer,0.9,3.6192
The Sunshine Garcia Band - For I Am The Moon,musdb,WavTokenizer,0.9,3.4305
Timboz - Pony,musdb,WavTokenizer,0.9,3.1682
Tom McKenzie - Directions,musdb,WavTokenizer,0.9,3.2839
Triviul feat. The Fiend - Widow,musdb,WavTokenizer,0.9,2.8997
We Fell From The Sky - Not You,musdb,WavTokenizer,0.9,2.6485
Zeno - Signs,musdb,WavTokenizer,0.9,2.9366
