file,dataset,codec,param,visqol_audio
1-121951-A-8,esc50,Opus,12,4.316
1-172649-B-40,esc50,Opus,12,1.7856
1-17742-A-12,esc50,Opus,12,1.5228
1-18074-A-6,esc50,Opus,12,1.5021
1-208757-A-2,esc50,Opus,12,2.9274
1-24074-A-43,esc50,Opus,12,2.5763
1-24524-C-19,esc50,Opus,12,3.733
1-51436-A-17,esc50,Opus,12,1.6301
1-51805-E-33,esc50,Opus,12,4.0491
1-60460-A-36,esc50,Opus,12,2.1092
1-62509-A-45,esc50,Opus,12,2.2598
1-64473-A-45,esc50,Opus,12,2.6878
1-79146-A-29,esc50,Opus,12,3.7826
1462-170138-0000,librispeech,Opus,12,4.3901
1673-143397-0008,librispeech,Opus,12,4.2712
1919-142785-0028,librispeech,Opus,12,4.2144
1988-147956-0022,librispeech,Opus,12,4.4546
1988-24833-0015,librispeech,Opus,12,4.4527
2-102581-A-29,esc50,Opus,12,3.89
2-103424-A-3,esc50,Opus,12,4.0374
2-114587-A-0,esc50,Opus,12,3.1582
2-116400-A-0,esc50,Opus,12,1.9291
2-122820-B-36,esc50,Opus,12,1.8556
2-141681-B-36,esc50,Opus,12,1.9139
2-154688-A-31,esc50,Opus,12,3.5353
2-155801-A-11,esc50,Opus,12,1.7743
2-166644-C-2,esc50,Opus,12,1.8835
2-184077-A-49,esc50,Opus,12,1.9144
2-81970-C-7,esc50,Opus,12,1.5487
2078-142845-0030,librispeech,Opus,12,4.2719
2277-149896-0029,librispeech,Opus,12,4.2142
2428-83699-0008,librispeech,Opus,12,4.2338
2428-83699-0027,librispeech,Opus,12,4.3131
2428-83699-0036,librispeech,Opus,12,4.362
2428-83705-0034,librispeech,Opus,12,4.329
251-118436-0002,librispeech,Opus,12,4.2308
251-137823-0007,librispeech,Opus,12,4.1591
251-137823-0008,librispeech,Opus,12,4.2918
3-102908-A-4,esc50,Opus,12,2.4738
3-115382-A-44,esc50,Opus,12,3.1021
3-125418-A-24,esc50,Opus,12,3.9869
3-130998-A-28,esc50,Opus,12,1.2157
3-136451-A-45,esc50,Opus,12,2.2762
3-144827-A-11,esc50,Opus,12,2.2927
3-148932-A-34,esc50,Opus,12,4.5325
3-181132-A-14,esc50,Opus,12,3.1374
3000-15664-0040,librispeech,Opus,12,4.2549
3081-166546-0019,librispeech,Opus,12,4.2175
3081-166546-0081,librispeech,Opus,12,4.2392
3536-23268-0015,librispeech,Opus,12,4.358
3536-23268-0016,librispeech,Opus,12,4.3504
3536-23268-0026,librispeech,Opus,12,4.3313
3752-4943-0020,librispeech,Opus,12,4.3689
3752-4944-0024,librispeech,Opus,12,4.3876
3752-4944-0050,librispeech,Opus,12,4.3873
3853-163249-0016,librispeech,Opus,12,4.3036
3853-163249-0029,librispeech,Opus,12,4.4116
4-128659-A-33,esc50,Opus,12,2.6085
4-145006-A-18,esc50,Opus,12,1.8974
4-157297-A-21,esc50,Opus,12,3.4309
4-157611-A-41,esc50,Opus,12,2.0326
4-159426-A-9,esc50,Opus,12,3.8706
4-182795-A-14,esc50,Opus,12,2.9876
4-186693-A-17,esc50,Opus,12,1.8447
4-198962-B-25,esc50,Opus,12,4.354
4-218199-F-35,esc50,Opus,12,2.3652
4-59579-A-20,esc50,Opus,12,2.7128
5-117120-A-42,esc50,Opus,12,3.0716
5-133989-A-42,esc50,Opus,12,3.7424
5-197121-B-45,esc50,Opus,12,2.2427
5-204604-A-24,esc50,Opus,12,4.4986
5-212454-A-0,esc50,Opus,12,2.8519
5-235874-A-28,esc50,Opus,12,3.284
5-253094-C-49,esc50,Opus,12,2.2429
5-61635-A-8,esc50,Opus,12,1.1361
5338-284437-0000,librispeech,Opus,12,4.3777
5338-284437-0007,librispeech,Opus,12,4.3222
5338-284437-0033,librispeech,Opus,12,4.3884
5536-43359-0018,librispeech,Opus,12,4.3361
5536-43363-0014,librispeech,Opus,12,4.3032
5694-64029-0017,librispeech,Opus,12,4.425
5895-34615-0017,librispeech,Opus,12,4.3428
5895-34629-0023,librispeech,Opus,12,4.3111
6241-61946-0005,librispeech,Opus,12,4.1961
6241-61946-0008,librispeech,Opus,12,4.2753
6313-66125-0015,librispeech,Opus,12,4.256
6313-66125-0024,librispeech,Opus,12,4.3063
6313-66129-0014,librispeech,Opus,12,4.2001
6313-66129-0030,librispeech,Opus,12,4.2236
6313-76958-0017,librispeech,Opus,12,4.2529
6345-93306-0005,librispeech,Opus,12,4.2471
6345-93306-0009,librispeech,Opus,12,4.3152
777-126732-0003,librispeech,Opus,12,4.4558
777-126732-0004,librispeech,Opus,12,4.3785
777-126732-0021,librispeech,Opus,12,4.4529
7850-286674-0012,librispeech,Opus,12,4.3621
7976-110124-0007,librispeech,Opus,12,4.2611
8297-275156-0001,librispeech,Opus,12,4.4376
84-121123-0027,librispeech,Opus,12,4.3066
84-121550-0002,librispeech,Opus,12,4.2526
AM Contra - Heart Peripheral,musdb,Opus,12,1.8748
Al James - Schoolboy Facination,musdb,Opus,12,1.9176
Angels In Amplifiers - I'm Alright,musdb,Opus,12,1.755
Arise - Run Run Run,musdb,Opus,12,1.7879
BKS - Bulldozer,musdb,Opus,12,1.9516
BKS - Too Much,musdb,Opus,12,2.0082
Ben Carrigan - We'll Talk About It All Tonight,musdb,Opus,12,2.2901
Bobby Nobody - Stitch Up,musdb,Opus,12,1.8724
Buitraker - Revo X,musdb,Opus,12,1.7491
Carlos Gonzalez - A Place For Us,musdb,Opus,12,1.8276
Cristina Vane - So Easy,musdb,Opus,12,1.751
Detsky Sad - Walkie Talkie,musdb,Opus,12,2.5856
Enda Reilly - Cur An Long Ag Seol,musdb,Opus,12,1.7895
Forkupines - Semantics,musdb,Opus,12,2.6649
Georgia Wonder - Siren,musdb,Opus,12,1.8425
Girls Under Glass - We Feel Alright,musdb,Opus,12,1.7297
Hollow Ground - Ill Fate,musdb,Opus,12,1.8049
James Elder & Mark M Thompson - The English Actor,musdb,Opus,12,2.0873
Juliet's Rescue - Heartbeats,musdb,Opus,12,1.8589
Little Chicago's Finest - My Own,musdb,Opus,12,1.6832
Louis Cressy Band - Good Time,musdb,Opus,12,2.0009
Lyndsey Ollard - Catching Up,musdb,Opus,12,2.5938
M.E.R.C. Music - Knockout,musdb,Opus,12,1.8749
Moosmusic - Big Dummy Shake,musdb,Opus,12,1.9285
Motor Tapes - Shore,musdb,Opus,12,1.8199
Mu - Too Bright,musdb,Opus,12,2.134
Nerve 9 - Pray For The Rain,musdb,Opus,12,1.7018
PR - Happy Daze,musdb,Opus,12,2.4414
PR - Oh No,musdb,Opus,12,2.1881
Punkdisco - Oral Hygiene,musdb,Opus,12,1.7834
Raft Monk - Tiring,musdb,Opus,12,2.0624
Sambasevam Shanmugam - Kaathaadi,musdb,Opus,12,1.6675
Secretariat - Borderline,musdb,Opus,12,1.8255
Secretariat - Over The Top,musdb,Opus,12,1.4994
Side Effects Project - Sing With Me,musdb,Opus,12,1.9529
Signe Jakobsen - What Have You Done To Me,musdb,Opus,12,1.688
Skelpolu - Resurrection,musdb,Opus,12,1.7323
Speak Softly - Broken Man,musdb,Opus,12,1.863
Speak Softly - Like Horses,musdb,Opus,12,1.8808
The Doppler Shift - Atrophy,musdb,Opus,12,1.7667
The Easton Ellises (Baumi) - SDRNR,musdb,Opus,12,2.375
The Easton Ellises - Falcon 69,musdb,Opus,12,2.029
The Long Wait - Dark Horses,musdb,Opus,12,1.7069
The Mountaineering Club - Mallory,musdb,Opus,12,2.2335
The Sunshine Garcia Band - For I Am The Moon,musdb,Opus,12,1.6923
Timboz - Pony,musdb,Opus,12,2.046
Tom McKenzie - Directions,musdb,Opus,12,1.8128
Triviul feat. The Fiend - Widow,musdb,Opus,12,2.045
We Fell From The Sky - Not You,musdb,Opus,12,2.0782
Zeno - Signs,musdb,Opus,12,1.6463
1-121951-A-8,esc50,Opus,24,4.598
1-172649-B-40,esc50,Opus,24,3.2211
1-17742-A-12,esc50,Opus,24,1.8874
1-18074-A-6,esc50,Opus,24,1.8796
1-208757-A-2,esc50,Opus,24,3.2878
1-24074-A-43,esc50,Opus,24,3.6577
1-24524-C-19,esc50,Opus,24,4.2307
1-51436-A-17,esc50,Opus,24,2.645
1-51805-E-33,esc50,Opus,24,4.3601
1-60460-A-36,esc50,Opus,24,2.7959
1-62509-A-45,esc50,Opus,24,2.6577
1-64473-A-45,esc50,Opus,24,2.8655
1-79146-A-29,esc50,Opus,24,3.9914
1462-170138-0000,librispeech,Opus,24,4.42
1673-143397-0008,librispeech,Opus,24,4.3806
1919-142785-0028,librispeech,Opus,24,4.2548
1988-147956-0022,librispeech,Opus,24,4.4755
1988-24833-0015,librispeech,Opus,24,4.5114
2-102581-A-29,esc50,Opus,24,3.9581
2-103424-A-3,esc50,Opus,24,4.254
2-114587-A-0,esc50,Opus,24,4.0211
2-116400-A-0,esc50,Opus,24,2.2202
2-122820-B-36,esc50,Opus,24,3.1547
2-141681-B-36,esc50,Opus,24,2.6326
2-154688-A-31,esc50,Opus,24,3.8156
2-155801-A-11,esc50,Opus,24,2.1997
2-166644-C-2,esc50,Opus,24,2.4872
2-184077-A-49,esc50,Opus,24,2.8202
2-81970-C-7,esc50,Opus,24,1.9973
2078-142845-0030,librispeech,Opus,24,4.2873
2277-149896-0029,librispeech,Opus,24,4.3078
2428-83699-0008,librispeech,Opus,24,4.3211
2428-83699-0027,librispeech,Opus,24,4.4317
2428-83699-0036,librispeech,Opus,24,4.3949
2428-83705-0034,librispeech,Opus,24,4.4272
251-118436-0002,librispeech,Opus,24,4.2544
251-137823-0007,librispeech,Opus,24,4.2402
251-137823-0008,librispeech,Opus,24,4.309
3-102908-A-4,esc50,Opus,24,2.7177
3-115382-A-44,esc50,Opus,24,3.9708
3-125418-A-24,esc50,Opus,24,4.3013
3-130998-A-28,esc50,Opus,24,2.3275
3-136451-A-45,esc50,Opus,24,2.8113
3-144827-A-11,esc50,Opus,24,2.7097
3-148932-A-34,esc50,Opus,24,4.6167
3-181132-A-14,esc50,Opus,24,4.1553
3000-15664-0040,librispeech,Opus,24,4.3892
3081-166546-0019,librispeech,Opus,24,4.2116
3081-166546-0081,librispeech,Opus,24,4.472
3536-23268-0015,librispeech,Opus,24,4.3644
3536-23268-0016,librispeech,Opus,24,4.3899
3536-23268-0026,librispeech,Opus,24,4.3699
3752-4943-0020,librispeech,Opus,24,4.4213
3752-4944-0024,librispeech,Opus,24,4.4412
3752-4944-0050,librispeech,Opus,24,4.379
3853-163249-0016,librispeech,Opus,24,4.382
3853-163249-0029,librispeech,Opus,24,4.4689
4-128659-A-33,esc50,Opus,24,3.2343
4-145006-A-18,esc50,Opus,24,2.968
4-157297-A-21,esc50,Opus,24,3.8876
4-157611-A-41,esc50,Opus,24,2.4276
4-159426-A-9,esc50,Opus,24,4.094
4-182795-A-14,esc50,Opus,24,3.8904
4-186693-A-17,esc50,Opus,24,3.7992
4-198962-B-25,esc50,Opus,24,4.3806
4-218199-F-35,esc50,Opus,24,2.9815
4-59579-A-20,esc50,Opus,24,3.1502
5-117120-A-42,esc50,Opus,24,3.9716
5-133989-A-42,esc50,Opus,24,4.3155
5-197121-B-45,esc50,Opus,24,3.1497
5-204604-A-24,esc50,Opus,24,4.579
5-212454-A-0,esc50,Opus,24,3.0821
5-235874-A-28,esc50,Opus,24,3.8017
5-253094-C-49,esc50,Opus,24,2.722
5-61635-A-8,esc50,Opus,24,2.3706
5338-284437-0000,librispeech,Opus,24,4.4278
5338-284437-0007,librispeech,Opus,24,4.3761
5338-284437-0033,librispeech,Opus,24,4.4114
5536-43359-0018,librispeech,Opus,24,4.3594
5536-43363-0014,librispeech,Opus,24,4.3596
5694-64029-0017,librispeech,Opus,24,4.4704
5895-34615-0017,librispeech,Opus,24,4.3873
5895-34629-0023,librispeech,Opus,24,4.3834
6241-61946-0005,librispeech,Opus,24,4.3881
6241-61946-0008,librispeech,Opus,24,4.34
6313-66125-0015,librispeech,Opus,24,4.3196
6313-66125-0024,librispeech,Opus,24,4.3724
6313-66129-0014,librispeech,Opus,24,4.2923
6313-66129-0030,librispeech,Opus,24,4.3016
6313-76958-0017,librispeech,Opus,24,4.2928
6345-93306-0005,librispeech,Opus,24,4.3531
6345-93306-0009,librispeech,Opus,24,4.3798
777-126732-0003,librispeech,Opus,24,4.4926
777-126732-0004,librispeech,Opus,24,4.4517
777-126732-0021,librispeech,Opus,24,4.4622
7850-286674-0012,librispeech,Opus,24,4.3651
7976-110124-0007,librispeech,Opus,24,4.3759
8297-275156-0001,librispeech,Opus,24,4.4615
84-121123-0027,librispeech,Opus,24,4.3405
84-121550-0002,librispeech,Opus,24,4.3727
AM Contra - Heart Peripheral,musdb,Opus,24,2.8942
Al James - Schoolboy Facination,musdb,Opus,24,2.8805
Angels In Amplifiers - I'm Alright,musdb,Opus,24,2.2949
Arise - Run Run Run,musdb,Opus,24,2.8845
BKS - Bulldozer,musdb,Opus,24,2.9174
BKS - Too Much,musdb,Opus,24,2.7051
Ben Carrigan - We'll Talk About It All Tonight,musdb,Opus,24,3.6526
Bobby Nobody - Stitch Up,musdb,Opus,24,2.7744
Buitraker - Revo X,musdb,Opus,24,2.8301
Carlos Gonzalez - A Place For Us,musdb,Opus,24,2.6501
Cristina Vane - So Easy,musdb,Opus,24,2.4368
Detsky Sad - Walkie Talkie,musdb,Opus,24,3.9221
Enda Reilly - Cur An Long Ag Seol,musdb,Opus,24,2.6216
Forkupines - Semantics,musdb,Opus,24,3.4071
Georgia Wonder - Siren,musdb,Opus,24,2.6573
Girls Under Glass - We Feel Alright,musdb,Opus,24,2.4923
Hollow Ground - Ill Fate,musdb,Opus,24,2.6696
James Elder & Mark M Thompson - The English Actor,musdb,Opus,24,2.8793
Juliet's Rescue - Heartbeats,musdb,Opus,24,2.7162
Little Chicago's Finest - My Own,musdb,Opus,24,2.5842
Louis Cressy Band - Good Time,musdb,Opus,24,3.108
Lyndsey Ollard - Catching Up,musdb,Opus,24,3.1797
M.E.R.C. Music - Knockout,musdb,Opus,24,2.7214
Moosmusic - Big Dummy Shake,musdb,Opus,24,2.7932
Motor Tapes - Shore,musdb,Opus,24,2.5682
Mu - Too Bright,musdb,Opus,24,3.2387
Nerve 9 - Pray For The Rain,musdb,Opus,24,2.6279
PR - Happy Daze,musdb,Opus,24,3.2107
PR - Oh No,musdb,Opus,24,3.1373
Punkdisco - Oral Hygiene,musdb,Opus,24,2.799
Raft Monk - Tiring,musdb,Opus,24,2.8647
Sambasevam Shanmugam - Kaathaadi,musdb,Opus,24,2.122
Secretariat - Borderline,musdb,Opus,24,2.7079
Secretariat - Over The Top,musdb,Opus,24,2.4279
Side Effects Project - Sing With Me,musdb,Opus,24,2.7943
Signe Jakobsen - What Have You Done To Me,musdb,Opus,24,3.0017
Skelpolu - Resurrection,musdb,Opus,24,2.584
Speak Softly - Broken Man,musdb,Opus,24,2.6048
Speak Softly - Like Horses,musdb,Opus,24,2.8363
The Doppler Shift - Atrophy,musdb,Opus,24,2.9118
The Easton Ellises (Baumi) - SDRNR,musdb,Opus,24,3.3937
The Easton Ellises - Falcon 69,musdb,Opus,24,3.1638
The Long Wait - Dark Horses,musdb,Opus,24,2.6653
The Mountaineering Club - Mallory,musdb,Opus,24,3.069
The Sunshine Garcia Band - For I Am The Moon,musdb,Opus,24,2.6886
Timboz - Pony,musdb,Opus,24,2.7231
Tom McKenzie - Directions,musdb,Opus,24,2.9627
Triviul feat. The Fiend - Widow,musdb,Opus,24,2.7993
We Fell From The Sky - Not You,musdb,Opus,24,2.7917
Zeno - Signs,musdb,Opus,24,2.7329
1-121951-A-8,esc50,Opus,48,4.6484
1-172649-B-40,esc50,Opus,48,3.2817
1-17742-A-12,esc50,Opus,48,1.9672
1-18074-A-6,esc50,Opus,48,2.0887
1-208757-A-2,esc50,Opus,48,3.2647
1-24074-A-43,esc50,Opus,48,3.7458
1-24524-C-19,esc50,Opus,48,4.1569
1-51436-A-17,esc50,Opus,48,2.7008
1-51805-E-33,esc50,Opus,48,4.3878
1-60460-A-36,esc50,Opus,48,2.8327
1-62509-A-45,esc50,Opus,48,2.5899
1-64473-A-45,esc50,Opus,48,2.8962
1-79146-A-29,esc50,Opus,48,4.015
1462-170138-0000,librispeech,Opus,48,4.4085
1673-143397-0008,librispeech,Opus,48,4.383
1919-142785-0028,librispeech,Opus,48,4.2652
1988-147956-0022,librispeech,Opus,48,4.4732
1988-24833-0015,librispeech,Opus,48,4.5159
2-102581-A-29,esc50,Opus,48,3.9698
2-103424-A-3,esc50,Opus,48,4.3148
2-114587-A-0,esc50,Opus,48,4.1099
2-116400-A-0,esc50,Opus,48,2.4409
2-122820-B-36,esc50,Opus,48,3.2595
2-141681-B-36,esc50,Opus,48,2.6783
2-154688-A-31,esc50,Opus,48,3.8665
2-155801-A-11,esc50,Opus,48,2.1966
2-166644-C-2,esc50,Opus,48,2.5134
2-184077-A-49,esc50,Opus,48,2.831
2-81970-C-7,esc50,Opus,48,2.2516
2078-142845-0030,librispeech,Opus,48,4.2958
2277-149896-0029,librispeech,Opus,48,4.3224
2428-83699-0008,librispeech,Opus,48,4.325
2428-83699-0027,librispeech,Opus,48,4.4294
2428-83699-0036,librispeech,Opus,48,4.4051
2428-83705-0034,librispeech,Opus,48,4.4218
251-118436-0002,librispeech,Opus,48,4.2755
251-137823-0007,librispeech,Opus,48,4.2454
251-137823-0008,librispeech,Opus,48,4.32
3-102908-A-4,esc50,Opus,48,2.7357
3-115382-A-44,esc50,Opus,48,4.0875
3-125418-A-24,esc50,Opus,48,4.3847
3-130998-A-28,esc50,Opus,48,2.4091
3-136451-A-45,esc50,Opus,48,2.8079
3-144827-A-11,esc50,Opus,48,2.6927
3-148932-A-34,esc50,Opus,48,4.6201
3-181132-A-14,esc50,Opus,48,4.1461
3000-15664-0040,librispeech,Opus,48,4.3923
3081-166546-0019,librispeech,Opus,48,4.2258
3081-166546-0081,librispeech,Opus,48,4.5615
3536-23268-0015,librispeech,Opus,48,4.3605
3536-23268-0016,librispeech,Opus,48,4.3933
3536-23268-0026,librispeech,Opus,48,4.3803
3752-4943-0020,librispeech,Opus,48,4.4225
3752-4944-0024,librispeech,Opus,48,4.4585
3752-4944-0050,librispeech,Opus,48,4.3924
3853-163249-0016,librispeech,Opus,48,4.3903
3853-163249-0029,librispeech,Opus,48,4.4776
4-128659-A-33,esc50,Opus,48,3.3416
4-145006-A-18,esc50,Opus,48,3.2768
4-157297-A-21,esc50,Opus,48,3.8801
4-157611-A-41,esc50,Opus,48,2.5592
4-159426-A-9,esc50,Opus,48,4.0652
4-182795-A-14,esc50,Opus,48,4.0498
4-186693-A-17,esc50,Opus,48,3.8938
4-198962-B-25,esc50,Opus,48,4.3966
4-218199-F-35,esc50,Opus,48,2.929
4-59579-A-20,esc50,Opus,48,3.2101
5-117120-A-42,esc50,Opus,48,3.9834
5-133989-A-42,esc50,Opus,48,4.3193
5-197121-B-45,esc50,Opus,48,3.1917
5-204604-A-24,esc50,Opus,48,4.6265
5-212454-A-0,esc50,Opus,48,3.1536
5-235874-A-28,esc50,Opus,48,3.8706
5-253094-C-49,esc50,Opus,48,2.7958
5-61635-A-8,esc50,Opus,48,2.5063
5338-284437-0000,librispeech,Opus,48,4.4325
5338-284437-0007,librispeech,Opus,48,4.3923
5338-284437-0033,librispeech,Opus,48,4.402
5536-43359-0018,librispeech,Opus,48,4.3449
5536-43363-0014,librispeech,Opus,48,4.3564
5694-64029-0017,librispeech,Opus,48,4.4597
5895-34615-0017,librispeech,Opus,48,4.3863
5895-34629-0023,librispeech,Opus,48,4.3819
6241-61946-0005,librispeech,Opus,48,4.3982
6241-61946-0008,librispeech,Opus,48,4.3377
6313-66125-0015,librispeech,Opus,48,4.3194
6313-66125-0024,librispeech,Opus,48,4.3833
6313-66129-0014,librispeech,Opus,48,4.2953
6313-66129-0030,librispeech,Opus,48,4.3233
6313-76958-0017,librispeech,Opus,48,4.2972
6345-93306-0005,librispeech,Opus,48,4.3655
6345-93306-0009,librispeech,Opus,48,4.3694
777-126732-0003,librispeech,Opus,48,4.5045
777-126732-0004,librispeech,Opus,48,4.4465
777-126732-0021,librispeech,Opus,48,4.4518
7850-286674-0012,librispeech,Opus,48,4.376
7976-110124-0007,librispeech,Opus,48,4.386
8297-275156-0001,librispeech,Opus,48,4.462
84-121123-0027,librispeech,Opus,48,4.3407
84-121550-0002,librispeech,Opus,48,4.4232
AM Contra - Heart Peripheral,musdb,Opus,48,3.0426
Al James - Schoolboy Facination,musdb,Opus,48,2.9677
Angels In Amplifiers - I'm Alright,musdb,Opus,48,2.4048
Arise - Run Run Run,musdb,Opus,48,2.9805
BKS - Bulldozer,musdb,Opus,48,3.0295
BKS - Too Much,musdb,Opus,48,2.7719
Ben Carrigan - We'll Talk About It All Tonight,musdb,Opus,48,3.6717
Bobby Nobody - Stitch Up,musdb,Opus,48,2.8974
Buitraker - Revo X,musdb,Opus,48,2.9106
Carlos Gonzalez - A Place For Us,musdb,Opus,48,2.7563
Cristina Vane - So Easy,musdb,Opus,48,2.524
Detsky Sad - Walkie Talkie,musdb,Opus,48,3.9837
Enda Reilly - Cur An Long Ag Seol,musdb,Opus,48,2.7
Forkupines - Semantics,musdb,Opus,48,3.4971
Georgia Wonder - Siren,musdb,Opus,48,2.7761
Girls Under Glass - We Feel Alright,musdb,Opus,48,2.5882
Hollow Ground - Ill Fate,musdb,Opus,48,2.7637
James Elder & Mark M Thompson - The English Actor,musdb,Opus,48,2.9532
Juliet's Rescue - Heartbeats,musdb,Opus,48,2.828
Little Chicago's Finest - My Own,musdb,Opus,48,2.6804
Louis Cressy Band - Good Time,musdb,Opus,48,3.2067
Lyndsey Ollard - Catching Up,musdb,Opus,48,3.2918
M.E.R.C. Music - Knockout,musdb,Opus,48,2.8228
Moosmusic - Big Dummy Shake,musdb,Opus,48,2.8838
Motor Tapes - Shore,musdb,Opus,48,2.6731
Mu - Too Bright,musdb,Opus,48,3.297
Nerve 9 - Pray For The Rain,musdb,Opus,48,2.7358
PR - Happy Daze,musdb,Opus,48,3.3456
PR - Oh No,musdb,Opus,48,3.2044
Punkdisco - Oral Hygiene,musdb,Opus,48,2.8762
Raft Monk - Tiring,musdb,Opus,48,2.9563
Sambasevam Shanmugam - Kaathaadi,musdb,Opus,48,2.2145
Secretariat - Borderline,musdb,Opus,48,2.8126
Secretariat - Over The Top,musdb,Opus,48,2.5579
Side Effects Project - Sing With Me,musdb,Opus,48,2.9144
Signe Jakobsen - What Have You Done To Me,musdb,Opus,48,3.0874
Skelpolu - Resurrection,musdb,Opus,48,2.6746
Speak Softly - Broken Man,musdb,Opus,48,2.6929
Speak Softly - Like Horses,musdb,Opus,48,3.0006
The Doppler Shift - Atrophy,musdb,Opus,48,3.0473
The Easton Ellises (Baumi) - SDRNR,musdb,Opus,48,3.5089
The Easton Ellises - Falcon 69,musdb,Opus,48,3.2423
The Long Wait - Dark Horses,musdb,Opus,48,2.7596
The Mountaineering Club - Mallory,musdb,Opus,48,3.1797
The Sunshine Garcia Band - For I Am The Moon,musdb,Opus,48,2.7954
Timboz - Pony,musdb,Opus,48,2.7578
Tom McKenzie - Directions,musdb,Opus,48,3.0328
Triviul feat. The Fiend - Widow,musdb,Opus,48,2.9378
We Fell From The Sky - Not You,musdb,Opus,48,2.8681
Zeno - Signs,musdb,Opus,48,2.8743
1-121951-A-8,esc50,EnCodec,1.5,4.0547
1-172649-B-40,esc50,EnCodec,1.5,2.623
1-17742-A-12,esc50,EnCodec,1.5,1.6927
1-18074-A-6,esc50,EnCodec,1.5,1.6722
1-208757-A-2,esc50,EnCodec,1.5,3.2477
1-24074-A-43,esc50,EnCodec,1.5,3.2613
1-24524-C-19,esc50,EnCodec,1.5,3.2965
1-51436-A-17,esc50,EnCodec,1.5,2.2002
1-51805-E-33,esc50,EnCodec,1.5,3.9091
1-60460-A-36,esc50,EnCodec,1.5,2.8032
1-62509-A-45,esc50,EnCodec,1.5,2.7
1-64473-A-45,esc50,EnCodec,1.5,2.9846
1-79146-A-29,esc50,EnCodec,1.5,3.6204
1462-170138-0000,librispeech,EnCodec,1.5,3.9718
1673-143397-0008,librispeech,EnCodec,1.5,4.0162
1919-142785-0028,librispeech,EnCodec,1.5,3.8062
1988-147956-0022,librispeech,EnCodec,1.5,3.593
1988-24833-0015,librispeech,EnCodec,1.5,3.9356
2-102581-A-29,esc50,EnCodec,1.5,3.9368
2-103424-A-3,esc50,EnCodec,1.5,4.1404
2-114587-A-0,esc50,EnCodec,1.5,3.5511
2-116400-A-0,esc50,EnCodec,1.5,1.8777
2-122820-B-36,esc50,EnCodec,1.5,3.0386
2-141681-B-36,esc50,EnCodec,1.5,2.6725
2-154688-A-31,esc50,EnCodec,1.5,3.7224
2-155801-A-11,esc50,EnCodec,1.5,2.4116
2-166644-C-2,esc50,EnCodec,1.5,2.4691
2-184077-A-49,esc50,EnCodec,1.5,2.5854
2-81970-C-7,esc50,EnCodec,1.5,1.4601
2078-142845-0030,librispeech,EnCodec,1.5,3.4915
2277-149896-0029,librispeech,EnCodec,1.5,4.0027
2428-83699-0008,librispeech,EnCodec,1.5,3.8646
2428-83699-0027,librispeech,EnCodec,1.5,3.7523
2428-83699-0036,librispeech,EnCodec,1.5,3.9444
2428-83705-0034,librispeech,EnCodec,1.5,3.9123
251-118436-0002,librispeech,EnCodec,1.5,3.898
251-137823-0007,librispeech,EnCodec,1.5,3.6608
251-137823-0008,librispeech,EnCodec,1.5,3.7437
3-102908-A-4,esc50,EnCodec,1.5,2.6198
3-115382-A-44,esc50,EnCodec,1.5,3.6083
3-125418-A-24,esc50,EnCodec,1.5,3.9322
3-130998-A-28,esc50,EnCodec,1.5,2.0245
3-136451-A-45,esc50,EnCodec,1.5,2.8423
3-144827-A-11,esc50,EnCodec,1.5,3.0057
3-148932-A-34,esc50,EnCodec,1.5,4.5724
3-181132-A-14,esc50,EnCodec,1.5,3.2217
3000-15664-0040,librispeech,EnCodec,1.5,3.9028
3081-166546-0019,librispeech,EnCodec,1.5,4.2061
3081-166546-0081,librispeech,EnCodec,1.5,4.1511
3536-23268-0015,librispeech,EnCodec,1.5,3.8957
3536-23268-0016,librispeech,EnCodec,1.5,3.7604
3536-23268-0026,librispeech,EnCodec,1.5,3.8428
3752-4943-0020,librispeech,EnCodec,1.5,3.8776
3752-4944-0024,librispeech,EnCodec,1.5,4.0109
3752-4944-0050,librispeech,EnCodec,1.5,4.0653
3853-163249-0016,librispeech,EnCodec,1.5,3.641
3853-163249-0029,librispeech,EnCodec,1.5,4.1451
4-128659-A-33,esc50,EnCodec,1.5,2.7747
4-145006-A-18,esc50,EnCodec,1.5,2.7242
4-157297-A-21,esc50,EnCodec,1.5,3.603
4-157611-A-41,esc50,EnCodec,1.5,2.282
4-159426-A-9,esc50,EnCodec,1.5,4.0622
4-182795-A-14,esc50,EnCodec,1.5,2.8769
4-186693-A-17,esc50,EnCodec,1.5,3.4004
4-198962-B-25,esc50,EnCodec,1.5,4.1272
4-218199-F-35,esc50,EnCodec,1.5,2.9175
4-59579-A-20,esc50,EnCodec,1.5,2.7416
5-117120-A-42,esc50,EnCodec,1.5,3.4965
5-133989-A-42,esc50,EnCodec,1.5,4.0413
5-197121-B-45,esc50,EnCodec,1.5,3.2228
5-204604-A-24,esc50,EnCodec,1.5,4.474
5-212454-A-0,esc50,EnCodec,1.5,2.596
5-235874-A-28,esc50,EnCodec,1.5,3.3817
5-253094-C-49,esc50,EnCodec,1.5,2.5756
5-61635-A-8,esc50,EnCodec,1.5,2.1221
5338-284437-0000,librispeech,EnCodec,1.5,3.948
5338-284437-0007,librispeech,EnCodec,1.5,3.8352
5338-284437-0033,librispeech,EnCodec,1.5,3.3892
5536-43359-0018,librispeech,EnCodec,1.5,3.7403
5536-43363-0014,librispeech,EnCodec,1.5,3.914
5694-64029-0017,librispeech,EnCodec,1.5,4.1547
5895-34615-0017,librispeech,EnCodec,1.5,3.967
5895-34629-0023,librispeech,EnCodec,1.5,4.0658
6241-61946-0005,librispeech,EnCodec,1.5,3.5879
6241-61946-0008,librispeech,EnCodec,1.5,3.3537
6313-66125-0015,librispeech,EnCodec,1.5,3.9415
6313-66125-0024,librispeech,EnCodec,1.5,3.7757
6313-66129-0014,librispeech,EnCodec,1.5,3.8952
6313-66129-0030,librispeech,EnCodec,1.5,3.9246
6313-76958-0017,librispeech,EnCodec,1.5,3.6643
6345-93306-0005,librispeech,EnCodec,1.5,4.0441
6345-93306-0009,librispeech,EnCodec,1.5,3.9211
777-126732-0003,librispeech,EnCodec,1.5,4.2406
777-126732-0004,librispeech,EnCodec,1.5,4.2136
777-126732-0021,librispeech,EnCodec,1.5,4.172
7850-286674-0012,librispeech,EnCodec,1.5,4.0705
7976-110124-0007,librispeech,EnCodec,1.5,3.9262
8297-275156-0001,librispeech,EnCodec,1.5,4.0825
84-121123-0027,librispeech,EnCodec,1.5,3.9263
84-121550-0002,librispeech,EnCodec,1.5,3.889
AM Contra - Heart Peripheral,musdb,EnCodec,1.5,2.4383
Al James - Schoolboy Facination,musdb,EnCodec,1.5,2.5146
Angels In Amplifiers - I'm Alright,musdb,EnCodec,1.5,1.8739
Arise - Run Run Run,musdb,EnCodec,1.5,2.4368
BKS - Bulldozer,musdb,EnCodec,1.5,2.5479
BKS - Too Much,musdb,EnCodec,1.5,2.3989
Ben Carrigan - We'll Talk About It All Tonight,musdb,EnCodec,1.5,3.0016
Bobby Nobody - Stitch Up,musdb,EnCodec,1.5,2.4311
Buitraker - Revo X,musdb,EnCodec,1.5,2.3614
Carlos Gonzalez - A Place For Us,musdb,EnCodec,1.5,2.3814
Cristina Vane - So Easy,musdb,EnCodec,1.5,2.0813
Detsky Sad - Walkie Talkie,musdb,EnCodec,1.5,3.5161
Enda Reilly - Cur An Long Ag Seol,musdb,EnCodec,1.5,2.1561
Forkupines - Semantics,musdb,EnCodec,1.5,2.8567
Georgia Wonder - Siren,musdb,EnCodec,1.5,2.3932
Girls Under Glass - We Feel Alright,musdb,EnCodec,1.5,2.2019
Hollow Ground - Ill Fate,musdb,EnCodec,1.5,2.4421
James Elder & Mark M Thompson - The English Actor,musdb,EnCodec,1.5,2.6021
Juliet's Rescue - Heartbeats,musdb,EnCodec,1.5,2.3771
Little Chicago's Finest - My Own,musdb,EnCodec,1.5,2.1811
Louis Cressy Band - Good Time,musdb,EnCodec,1.5,2.718
Lyndsey Ollard - Catching Up,musdb,EnCodec,1.5,2.4988
M.E.R.C. Music - Knockout,musdb,EnCodec,1.5,2.3632
Moosmusic - Big Dummy Shake,musdb,EnCodec,1.5,2.4013
Motor Tapes - Shore,musdb,EnCodec,1.5,2.1684
Mu - Too Bright,musdb,EnCodec,1.5,2.9227
Nerve 9 - Pray For The Rain,musdb,EnCodec,1.5,2.1952
PR - Happy Daze,musdb,EnCodec,1.5,2.8004
PR - Oh No,musdb,EnCodec,1.5,2.9069
Punkdisco - Oral Hygiene,musdb,EnCodec,1.5,2.6013
Raft Monk - Tiring,musdb,EnCodec,1.5,2.5768
Sambasevam Shanmugam - Kaathaadi,musdb,EnCodec,1.5,1.7601
Secretariat - Borderline,musdb,EnCodec,1.5,2.3223
Secretariat - Over The Top,musdb,EnCodec,1.5,2.0417
Side Effects Project - Sing With Me,musdb,EnCodec,1.5,2.4572
Signe Jakobsen - What Have You Done To Me,musdb,EnCodec,1.5,2.6375
Skelpolu - Resurrection,musdb,EnCodec,1.5,2.1763
Speak Softly - Broken Man,musdb,EnCodec,1.5,2.0332
Speak Softly - Like Horses,musdb,EnCodec,1.5,2.6154
The Doppler Shift - Atrophy,musdb,EnCodec,1.5,2.4692
The Easton Ellises (Baumi) - SDRNR,musdb,EnCodec,1.5,2.9082
The Easton Ellises - Falcon 69,musdb,EnCodec,1.5,2.871
The Long Wait - Dark Horses,musdb,EnCodec,1.5,2.2405
The Mountaineering Club - Mallory,musdb,EnCodec,1.5,2.6179
The Sunshine Garcia Band - For I Am The Moon,musdb,EnCodec,1.5,2.2838
Timboz - Pony,musdb,EnCodec,1.5,2.6506
Tom McKenzie - Directions,musdb,EnCodec,1.5,2.6239
Triviul feat. The Fiend - Widow,musdb,EnCodec,1.5,2.4682
We Fell From The Sky - Not You,musdb,EnCodec,1.5,2.5809
Zeno - Signs,musdb,EnCodec,1.5,2.4425
1-121951-A-8,esc50,EnCodec,3.0,4.1237
1-172649-B-40,esc50,EnCodec,3.0,2.8583
1-17742-A-12,esc50,EnCodec,3.0,1.7942
1-18074-A-6,esc50,EnCodec,3.0,1.6874
1-208757-A-2,esc50,EnCodec,3.0,3.3125
1-24074-A-43,esc50,EnCodec,3.0,3.4426
1-24524-C-19,esc50,EnCodec,3.0,3.504
1-51436-A-17,esc50,EnCodec,3.0,2.3707
1-51805-E-33,esc50,EnCodec,3.0,3.9565
1-60460-A-36,esc50,EnCodec,3.0,2.7467
1-62509-A-45,esc50,EnCodec,3.0,2.7853
1-64473-A-45,esc50,EnCodec,3.0,3.0875
1-79146-A-29,esc50,EnCodec,3.0,3.6408
1462-170138-0000,librispeech,EnCodec,3.0,4.1979
1673-143397-0008,librispeech,EnCodec,3.0,4.2087
1919-142785-0028,librispeech,EnCodec,3.0,4.0258
1988-147956-0022,librispeech,EnCodec,3.0,3.972
1988-24833-0015,librispeech,EnCodec,3.0,4.1718
2-102581-A-29,esc50,EnCodec,3.0,3.9594
2-103424-A-3,esc50,EnCodec,3.0,4.173
2-114587-A-0,esc50,EnCodec,3.0,3.6355
2-116400-A-0,esc50,EnCodec,3.0,1.9774
2-122820-B-36,esc50,EnCodec,3.0,3.1472
2-141681-B-36,esc50,EnCodec,3.0,2.9436
2-154688-A-31,esc50,EnCodec,3.0,3.7359
2-155801-A-11,esc50,EnCodec,3.0,2.419
2-166644-C-2,esc50,EnCodec,3.0,2.6028
2-184077-A-49,esc50,EnCodec,3.0,2.8341
2-81970-C-7,esc50,EnCodec,3.0,1.5696
2078-142845-0030,librispeech,EnCodec,3.0,3.9334
2277-149896-0029,librispeech,EnCodec,3.0,4.0372
2428-83699-0008,librispeech,EnCodec,3.0,4.0657
2428-83699-0027,librispeech,EnCodec,3.0,3.9692
2428-83699-0036,librispeech,EnCodec,3.0,4.0517
2428-83705-0034,librispeech,EnCodec,3.0,4.0964
251-118436-0002,librispeech,EnCodec,3.0,4.1648
251-137823-0007,librispeech,EnCodec,3.0,3.9285
251-137823-0008,librispeech,EnCodec,3.0,4.0159
3-102908-A-4,esc50,EnCodec,3.0,2.6611
3-115382-A-44,esc50,EnCodec,3.0,3.7351
3-125418-A-24,esc50,EnCodec,3.0,4.0588
3-130998-A-28,esc50,EnCodec,3.0,2.2118
3-136451-A-45,esc50,EnCodec,3.0,2.9622
3-144827-A-11,esc50,EnCodec,3.0,3.1393
3-148932-A-34,esc50,EnCodec,3.0,4.5784
3-181132-A-14,esc50,EnCodec,3.0,3.5093
3000-15664-0040,librispeech,EnCodec,3.0,4.0922
3081-166546-0019,librispeech,EnCodec,3.0,4.3321
3081-166546-0081,librispeech,EnCodec,3.0,4.284
3536-23268-0015,librispeech,EnCodec,3.0,4.0598
3536-23268-0016,librispeech,EnCodec,3.0,3.8374
3536-23268-0026,librispeech,EnCodec,3.0,4.0656
3752-4943-0020,librispeech,EnCodec,3.0,4.0626
3752-4944-0024,librispeech,EnCodec,3.0,3.995
3752-4944-0050,librispeech,EnCodec,3.0,4.2414
3853-163249-0016,librispeech,EnCodec,3.0,4.0329
3853-163249-0029,librispeech,EnCodec,3.0,4.2696
4-128659-A-33,esc50,EnCodec,3.0,2.9072
4-145006-A-18,esc50,EnCodec,3.0,2.8814
4-157297-A-21,esc50,EnCodec,3.0,3.6522
4-157611-A-41,esc50,EnCodec,3.0,2.4007
4-159426-A-9,esc50,EnCodec,3.0,4.0866
4-182795-A-14,esc50,EnCodec,3.0,2.9767
4-186693-A-17,esc50,EnCodec,3.0,3.496
4-198962-B-25,esc50,EnCodec,3.0,4.1447
4-218199-F-35,esc50,EnCodec,3.0,3.0118
4-59579-A-20,esc50,EnCodec,3.0,2.8728
5-117120-A-42,esc50,EnCodec,3.0,3.6393
5-133989-A-42,esc50,EnCodec,3.0,4.2308
5-197121-B-45,esc50,EnCodec,3.0,3.2604
5-204604-A-24,esc50,EnCodec,3.0,4.5226
5-212454-A-0,esc50,EnCodec,3.0,2.7226
5-235874-A-28,esc50,EnCodec,3.0,3.4458
5-253094-C-49,esc50,EnCodec,3.0,2.6504
5-61635-A-8,esc50,EnCodec,3.0,2.2089
5338-284437-0000,librispeech,EnCodec,3.0,4.0554
5338-284437-0007,librispeech,EnCodec,3.0,3.989
5338-284437-0033,librispeech,EnCodec,3.0,3.7623
5536-43359-0018,librispeech,EnCodec,3.0,3.9461
5536-43363-0014,librispeech,EnCodec,3.0,4.0385
5694-64029-0017,librispeech,EnCodec,3.0,4.1566
5895-34615-0017,librispeech,EnCodec,3.0,4.1016
5895-34629-0023,librispeech,EnCodec,3.0,4.17
6241-61946-0005,librispeech,EnCodec,3.0,3.7479
6241-61946-0008,librispeech,EnCodec,3.0,3.7937
6313-66125-0015,librispeech,EnCodec,3.0,4.2185
6313-66125-0024,librispeech,EnCodec,3.0,4.1493
6313-66129-0014,librispeech,EnCodec,3.0,4.0713
6313-66129-0030,librispeech,EnCodec,3.0,4.1464
6313-76958-0017,librispeech,EnCodec,3.0,3.9129
6345-93306-0005,librispeech,EnCodec,3.0,4.1375
6345-93306-0009,librispeech,EnCodec,3.0,4.2127
777-126732-0003,librispeech,EnCodec,3.0,4.418
777-126732-0004,librispeech,EnCodec,3.0,4.3116
777-126732-0021,librispeech,EnCodec,3.0,4.4014
7850-286674-0012,librispeech,EnCodec,3.0,4.2997
7976-110124-0007,librispeech,EnCodec,3.0,4.12
8297-275156-0001,librispeech,EnCodec,3.0,4.3052
84-121123-0027,librispeech,EnCodec,3.0,4.099
84-121550-0002,librispeech,EnCodec,3.0,4.0546
AM Contra - Heart Peripheral,musdb,EnCodec,3.0,2.6023
Al James - Schoolboy Facination,musdb,EnCodec,3.0,2.6643
Angels In Amplifiers - I'm Alright,musdb,EnCodec,3.0,2.0671
Arise - Run Run Run,musdb,EnCodec,3.0,2.5781
BKS - Bulldozer,musdb,EnCodec,3.0,2.714
BKS - Too Much,musdb,EnCodec,3.0,2.4795
Ben Carrigan - We'll Talk About It All Tonight,musdb,EnCodec,3.0,3.1673
Bobby Nobody - Stitch Up,musdb,EnCodec,3.0,2.5875
Buitraker - Revo X,musdb,EnCodec,3.0,2.4775
Carlos Gonzalez - A Place For Us,musdb,EnCodec,3.0,2.4804
Cristina Vane - So Easy,musdb,EnCodec,3.0,2.2036
Detsky Sad - Walkie Talkie,musdb,EnCodec,3.0,3.6543
Enda Reilly - Cur An Long Ag Seol,musdb,EnCodec,3.0,2.3159
Forkupines - Semantics,musdb,EnCodec,3.0,3.021
Georgia Wonder - Siren,musdb,EnCodec,3.0,2.4808
Girls Under Glass - We Feel Alright,musdb,EnCodec,3.0,2.313
Hollow Ground - Ill Fate,musdb,EnCodec,3.0,2.6327
James Elder & Mark M Thompson - The English Actor,musdb,EnCodec,3.0,2.7137
Juliet's Rescue - Heartbeats,musdb,EnCodec,3.0,2.4807
Little Chicago's Finest - My Own,musdb,EnCodec,3.0,2.3521
Louis Cressy Band - Good Time,musdb,EnCodec,3.0,2.8331
Lyndsey Ollard - Catching Up,musdb,EnCodec,3.0,2.7938
M.E.R.C. Music - Knockout,musdb,EnCodec,3.0,2.5007
Moosmusic - Big Dummy Shake,musdb,EnCodec,3.0,2.5373
Motor Tapes - Shore,musdb,EnCodec,3.0,2.3167
Mu - Too Bright,musdb,EnCodec,3.0,3.0508
Nerve 9 - Pray For The Rain,musdb,EnCodec,3.0,2.3481
PR - Happy Daze,musdb,EnCodec,3.0,2.9331
PR - Oh No,musdb,EnCodec,3.0,3.0382
Punkdisco - Oral Hygiene,musdb,EnCodec,3.0,2.6637
Raft Monk - Tiring,musdb,EnCodec,3.0,2.6912
Sambasevam Shanmugam - Kaathaadi,musdb,EnCodec,3.0,1.907
Secretariat - Borderline,musdb,EnCodec,3.0,2.4832
Secretariat - Over The Top,musdb,EnCodec,3.0,2.1991
Side Effects Project - Sing With Me,musdb,EnCodec,3.0,2.6102
Signe Jakobsen - What Have You Done To Me,musdb,EnCodec,3.0,2.7905
Skelpolu - Resurrection,musdb,EnCodec,3.0,2.2739
Speak Softly - Broken Man,musdb,EnCodec,3.0,2.2773
Speak Softly - Like Horses,musdb,EnCodec,3.0,2.7457
The Doppler Shift - Atrophy,musdb,EnCodec,3.0,2.7098
The Easton Ellises (Baumi) - SDRNR,musdb,EnCodec,3.0,3.1354
The Easton Ellises - Falcon 69,musdb,EnCodec,3.0,2.9813
The Long Wait - Dark Horses,musdb,EnCodec,3.0,2.36
The Mountaineering Club - Mallory,musdb,EnCodec,3.0,2.712
The Sunshine Garcia Band - For I Am The Moon,musdb,EnCodec,3.0,2.4363
Timboz - Pony,musdb,EnCodec,3.0,2.668
Tom McKenzie - Directions,musdb,EnCodec,3.0,2.7766
Triviul feat. The Fiend - Widow,musdb,EnCodec,3.0,2.6136
We Fell From The Sky - Not You,musdb,EnCodec,3.0,2.6446
Zeno - Signs,musdb,EnCodec,3.0,2.5483
1-121951-A-8,esc50,EnCodec,6.0,4.1922
1-172649-B-40,esc50,EnCodec,6.0,3.0018
1-17742-A-12,esc50,EnCodec,6.0,1.8799
1-18074-A-6,esc50,EnCodec,6.0,1.6979
1-208757-A-2,esc50,EnCodec,6.0,3.3613
1-24074-A-43,esc50,EnCodec,6.0,3.5816
1-24524-C-19,esc50,EnCodec,6.0,3.6322
1-51436-A-17,esc50,EnCodec,6.0,2.5184
1-51805-E-33,esc50,EnCodec,6.0,4.0639
1-60460-A-36,esc50,EnCodec,6.0,2.7336
1-62509-A-45,esc50,EnCodec,6.0,2.9285
1-64473-A-45,esc50,EnCodec,6.0,3.3037
1-79146-A-29,esc50,EnCodec,6.0,3.7403
1462-170138-0000,librispeech,EnCodec,6.0,4.2426
1673-143397-0008,librispeech,EnCodec,6.0,4.3312
1919-142785-0028,librispeech,EnCodec,6.0,4.221
1988-147956-0022,librispeech,EnCodec,6.0,4.1448
1988-24833-0015,librispeech,EnCodec,6.0,4.2381
2-102581-A-29,esc50,EnCodec,6.0,3.9747
2-103424-A-3,esc50,EnCodec,6.0,4.2249
2-114587-A-0,esc50,EnCodec,6.0,3.6464
2-116400-A-0,esc50,EnCodec,6.0,2.0168
2-122820-B-36,esc50,EnCodec,6.0,3.271
2-141681-B-36,esc50,EnCodec,6.0,3.0998
2-154688-A-31,esc50,EnCodec,6.0,3.7821
2-155801-A-11,esc50,EnCodec,6.0,2.6454
2-166644-C-2,esc50,EnCodec,6.0,2.6978
2-184077-A-49,esc50,EnCodec,6.0,2.9183
2-81970-C-7,esc50,EnCodec,6.0,1.8477
2078-142845-0030,librispeech,EnCodec,6.0,4.1774
2277-149896-0029,librispeech,EnCodec,6.0,4.2238
2428-83699-0008,librispeech,EnCodec,6.0,4.1482
2428-83699-0027,librispeech,EnCodec,6.0,4.2125
2428-83699-0036,librispeech,EnCodec,6.0,4.2403
2428-83705-0034,librispeech,EnCodec,6.0,4.2851
251-118436-0002,librispeech,EnCodec,6.0,4.2826
251-137823-0007,librispeech,EnCodec,6.0,4.0842
251-137823-0008,librispeech,EnCodec,6.0,4.1794
3-102908-A-4,esc50,EnCodec,6.0,2.7194
3-115382-A-44,esc50,EnCodec,6.0,3.8552
3-125418-A-24,esc50,EnCodec,6.0,4.1767
3-130998-A-28,esc50,EnCodec,6.0,2.3662
3-136451-A-45,esc50,EnCodec,6.0,3.1038
3-144827-A-11,esc50,EnCodec,6.0,3.1579
3-148932-A-34,esc50,EnCodec,6.0,4.5875
3-181132-A-14,esc50,EnCodec,6.0,3.7407
3000-15664-0040,librispeech,EnCodec,6.0,4.2636
3081-166546-0019,librispeech,EnCodec,6.0,4.3853
3081-166546-0081,librispeech,EnCodec,6.0,4.3828
3536-23268-0015,librispeech,EnCodec,6.0,4.0638
3536-23268-0016,librispeech,EnCodec,6.0,4.0449
3536-23268-0026,librispeech,EnCodec,6.0,4.1491
3752-4943-0020,librispeech,EnCodec,6.0,4.1536
3752-4944-0024,librispeech,EnCodec,6.0,4.3031
3752-4944-0050,librispeech,EnCodec,6.0,4.4214
3853-163249-0016,librispeech,EnCodec,6.0,4.2429
3853-163249-0029,librispeech,EnCodec,6.0,4.3365
4-128659-A-33,esc50,EnCodec,6.0,2.9293
4-145006-A-18,esc50,EnCodec,6.0,3.028
4-157297-A-21,esc50,EnCodec,6.0,3.7594
4-157611-A-41,esc50,EnCodec,6.0,2.4567
4-159426-A-9,esc50,EnCodec,6.0,4.117
4-182795-A-14,esc50,EnCodec,6.0,3.4339
4-186693-A-17,esc50,EnCodec,6.0,3.6031
4-198962-B-25,esc50,EnCodec,6.0,4.1712
4-218199-F-35,esc50,EnCodec,6.0,3.1265
4-59579-A-20,esc50,EnCodec,6.0,2.955
5-117120-A-42,esc50,EnCodec,6.0,3.7455
5-133989-A-42,esc50,EnCodec,6.0,4.3708
5-197121-B-45,esc50,EnCodec,6.0,3.3774
5-204604-A-24,esc50,EnCodec,6.0,4.5606
5-212454-A-0,esc50,EnCodec,6.0,2.8732
5-235874-A-28,esc50,EnCodec,6.0,3.5898
5-253094-C-49,esc50,EnCodec,6.0,2.7006
5-61635-A-8,esc50,EnCodec,6.0,2.2806
5338-284437-0000,librispeech,EnCodec,6.0,4.1794
5338-284437-0007,librispeech,EnCodec,6.0,4.0761
5338-284437-0033,librispeech,EnCodec,6.0,4.1435
5536-43359-0018,librispeech,EnCodec,6.0,4.0718
5536-43363-0014,librispeech,EnCodec,6.0,4.0863
5694-64029-0017,librispeech,EnCodec,6.0,4.2548
5895-34615-0017,librispeech,EnCodec,6.0,4.1993
5895-34629-0023,librispeech,EnCodec,6.0,4.2269
6241-61946-0005,librispeech,EnCodec,6.0,3.8254
6241-61946-0008,librispeech,EnCodec,6.0,3.9519
6313-66125-0015,librispeech,EnCodec,6.0,4.2916
6313-66125-0024,librispeech,EnCodec,6.0,4.2342
6313-66129-0014,librispeech,EnCodec,6.0,4.1858
6313-66129-0030,librispeech,EnCodec,6.0,4.2292
6313-76958-0017,librispeech,EnCodec,6.0,4.073
6345-93306-0005,librispeech,EnCodec,6.0,4.2418
6345-93306-0009,librispeech,EnCodec,6.0,4.3613
777-126732-0003,librispeech,EnCodec,6.0,4.4958
777-126732-0004,librispeech,EnCodec,6.0,4.4716
777-126732-0021,librispeech,EnCodec,6.0,4.5225
7850-286674-0012,librispeech,EnCodec,6.0,4.3167
7976-110124-0007,librispeech,EnCodec,6.0,4.2873
8297-275156-0001,librispeech,EnCodec,6.0,4.3537
84-121123-0027,librispeech,EnCodec,6.0,4.1336
84-121550-0002,librispeech,EnCodec,6.0,4.2073
AM Contra - Heart Peripheral,musdb,EnCodec,6.0,2.813
Al James - Schoolboy Facination,musdb,EnCodec,6.0,2.7747
Angels In Amplifiers - I'm Alright,musdb,EnCodec,6.0,2.2189
Arise - Run Run Run,musdb,EnCodec,6.0,2.7548
BKS - Bulldozer,musdb,EnCodec,6.0,2.8283
BKS - Too Much,musdb,EnCodec,6.0,2.6094
Ben Carrigan - We'll Talk About It All Tonight,musdb,EnCodec,6.0,3.3485
Bobby Nobody - Stitch Up,musdb,EnCodec,6.0,2.7284
Buitraker - Revo X,musdb,EnCodec,6.0,2.6475
Carlos Gonzalez - A Place For Us,musdb,EnCodec,6.0,2.5933
Cristina Vane - So Easy,musdb,EnCodec,6.0,2.3299
Detsky Sad - Walkie Talkie,musdb,EnCodec,6.0,3.7679
Enda Reilly - Cur An Long Ag Seol,musdb,EnCodec,6.0,2.4679
Forkupines - Semantics,musdb,EnCodec,6.0,3.1552
Georgia Wonder - Siren,musdb,EnCodec,6.0,2.6059
Girls Under Glass - We Feel Alright,musdb,EnCodec,6.0,2.3998
Hollow Ground - Ill Fate,musdb,EnCodec,6.0,2.751
James Elder & Mark M Thompson - The English Actor,musdb,EnCodec,6.0,2.8218
Juliet's Rescue - Heartbeats,musdb,EnCodec,6.0,2.6006
Little Chicago's Finest - My Own,musdb,EnCodec,6.0,2.5152
Louis Cressy Band - Good Time,musdb,EnCodec,6.0,2.8834
Lyndsey Ollard - Catching Up,musdb,EnCodec,6.0,3.0061
M.E.R.C. Music - Knockout,musdb,EnCodec,6.0,2.6225
Moosmusic - Big Dummy Shake,musdb,EnCodec,6.0,2.6955
Motor Tapes - Shore,musdb,EnCodec,6.0,2.4411
Mu - Too Bright,musdb,EnCodec,6.0,3.1676
Nerve 9 - Pray For The Rain,musdb,EnCodec,6.0,2.4638
PR - Happy Daze,musdb,EnCodec,6.0,3.0717
PR - Oh No,musdb,EnCodec,6.0,3.1251
Punkdisco - Oral Hygiene,musdb,EnCodec,6.0,2.7459
Raft Monk - Tiring,musdb,EnCodec,6.0,2.816
Sambasevam Shanmugam - Kaathaadi,musdb,EnCodec,6.0,2.0304
Secretariat - Borderline,musdb,EnCodec,6.0,2.6196
Secretariat - Over The Top,musdb,EnCodec,6.0,2.3332
Side Effects Project - Sing With Me,musdb,EnCodec,6.0,2.7352
Signe Jakobsen - What Have You Done To Me,musdb,EnCodec,6.0,2.9332
Skelpolu - Resurrection,musdb,EnCodec,6.0,2.4144
Speak Softly - Broken Man,musdb,EnCodec,6.0,2.4222
Speak Softly - Like Horses,musdb,EnCodec,6.0,2.8385
The Doppler Shift - Atrophy,musdb,EnCodec,6.0,2.866
The Easton Ellises (Baumi) - SDRNR,musdb,EnCodec,6.0,3.317
The Easton Ellises - Falcon 69,musdb,EnCodec,6.0,3.077
The Long Wait - Dark Horses,musdb,EnCodec,6.0,2.5391
The Mountaineering Club - Mallory,musdb,EnCodec,6.0,2.8211
The Sunshine Garcia Band - For I Am The Moon,musdb,EnCodec,6.0,2.6062
Timboz - Pony,musdb,EnCodec,6.0,2.5838
Tom McKenzie - Directions,musdb,EnCodec,6.0,2.888
Triviul feat. The Fiend - Widow,musdb,EnCodec,6.0,2.7204
We Fell From The Sky - Not You,musdb,EnCodec,6.0,2.7385
Zeno - Signs,musdb,EnCodec,6.0,2.7016
1-121951-A-8,esc50,DAC,8.0,4.5863
1-172649-B-40,esc50,DAC,8.0,3.3122
1-17742-A-12,esc50,DAC,8.0,2.117
1-18074-A-6,esc50,DAC,8.0,1.9883
1-208757-A-2,esc50,DAC,8.0,3.516
1-24074-A-43,esc50,DAC,8.0,3.7346
1-24524-C-19,esc50,DAC,8.0,4.3761
1-51436-A-17,esc50,DAC,8.0,2.6291
1-51805-E-33,esc50,DAC,8.0,4.4049
1-60460-A-36,esc50,DAC,8.0,2.9582
1-62509-A-45,esc50,DAC,8.0,3.0678
1-64473-A-45,esc50,DAC,8.0,3.4537
1-79146-A-29,esc50,DAC,8.0,4.0594
1462-170138-0000,librispeech,DAC,8.0,4.6479
1673-143397-0008,librispeech,DAC,8.0,4.6625
1919-142785-0028,librispeech,DAC,8.0,4.668
1988-147956-0022,librispeech,DAC,8.0,4.6648
1988-24833-0015,librispeech,DAC,8.0,4.6631
2-102581-A-29,esc50,DAC,8.0,4.1115
2-103424-A-3,esc50,DAC,8.0,4.3142
2-114587-A-0,esc50,DAC,8.0,4.0012
2-116400-A-0,esc50,DAC,8.0,2.2772
2-122820-B-36,esc50,DAC,8.0,3.3662
2-141681-B-36,esc50,DAC,8.0,3.1843
2-154688-A-31,esc50,DAC,8.0,3.9584
2-155801-A-11,esc50,DAC,8.0,2.7918
2-166644-C-2,esc50,DAC,8.0,2.8717
2-184077-A-49,esc50,DAC,8.0,3.0209
2-81970-C-7,esc50,DAC,8.0,2.3346
2078-142845-0030,librispeech,DAC,8.0,4.6325
2277-149896-0029,librispeech,DAC,8.0,4.6262
2428-83699-0008,librispeech,DAC,8.0,4.656
2428-83699-0027,librispeech,DAC,8.0,4.6716
2428-83699-0036,librispeech,DAC,8.0,4.6763
2428-83705-0034,librispeech,DAC,8.0,4.6774
251-118436-0002,librispeech,DAC,8.0,4.6461
251-137823-0007,librispeech,DAC,8.0,4.6282
251-137823-0008,librispeech,DAC,8.0,4.6525
3-102908-A-4,esc50,DAC,8.0,2.8825
3-115382-A-44,esc50,DAC,8.0,4.0712
3-125418-A-24,esc50,DAC,8.0,4.3707
3-130998-A-28,esc50,DAC,8.0,2.5256
3-136451-A-45,esc50,DAC,8.0,3.2846
3-144827-A-11,esc50,DAC,8.0,3.2727
3-148932-A-34,esc50,DAC,8.0,4.602
3-181132-A-14,esc50,DAC,8.0,4.4325
3000-15664-0040,librispeech,DAC,8.0,4.6554
3081-166546-0019,librispeech,DAC,8.0,4.6317
3081-166546-0081,librispeech,DAC,8.0,4.6787
3536-23268-0015,librispeech,DAC,8.0,4.6332
3536-23268-0016,librispeech,DAC,8.0,4.642
3536-23268-0026,librispeech,DAC,8.0,4.6502
3752-4943-0020,librispeech,DAC,8.0,4.6557
3752-4944-0024,librispeech,DAC,8.0,4.6656
3752-4944-0050,librispeech,DAC,8.0,4.6829
3853-163249-0016,librispeech,DAC,8.0,4.6787
3853-163249-0029,librispeech,DAC,8.0,4.6939
4-128659-A-33,esc50,DAC,8.0,3.2088
4-145006-A-18,esc50,DAC,8.0,3.1235
4-157297-A-21,esc50,DAC,8.0,3.9352
4-157611-A-41,esc50,DAC,8.0,2.5603
4-159426-A-9,esc50,DAC,8.0,4.1867
4-182795-A-14,esc50,DAC,8.0,4.4304
4-186693-A-17,esc50,DAC,8.0,3.6922
4-198962-B-25,esc50,DAC,8.0,4.4498
4-218199-F-35,esc50,DAC,8.0,3.2101
4-59579-A-20,esc50,DAC,8.0,3.107
5-117120-A-42,esc50,DAC,8.0,3.6955
5-133989-A-42,esc50,DAC,8.0,4.3891
5-197121-B-45,esc50,DAC,8.0,3.5094
5-204604-A-24,esc50,DAC,8.0,4.575
5-212454-A-0,esc50,DAC,8.0,3.193
5-235874-A-28,esc50,DAC,8.0,3.8421
5-253094-C-49,esc50,DAC,8.0,2.7693
5-61635-A-8,esc50,DAC,8.0,2.4074
5338-284437-0000,librispeech,DAC,8.0,4.6549
5338-284437-0007,librispeech,DAC,8.0,4.6434
5338-284437-0033,librispeech,DAC,8.0,4.625
5536-43359-0018,librispeech,DAC,8.0,4.6296
5536-43363-0014,librispeech,DAC,8.0,4.6458
5694-64029-0017,librispeech,DAC,8.0,4.6912
5895-34615-0017,librispeech,DAC,8.0,4.6679
5895-34629-0023,librispeech,DAC,8.0,4.6694
6241-61946-0005,librispeech,DAC,8.0,4.6814
6241-61946-0008,librispeech,DAC,8.0,4.6541
6313-66125-0015,librispeech,DAC,8.0,4.6616
6313-66125-0024,librispeech,DAC,8.0,4.6394
6313-66129-0014,librispeech,DAC,8.0,4.6445
6313-66129-0030,librispeech,DAC,8.0,4.6481
6313-76958-0017,librispeech,DAC,8.0,4.6447
6345-93306-0005,librispeech,DAC,8.0,4.6412
6345-93306-0009,librispeech,DAC,8.0,4.6525
777-126732-0003,librispeech,DAC,8.0,4.6672
777-126732-0004,librispeech,DAC,8.0,4.6772
777-126732-0021,librispeech,DAC,8.0,4.6583
7850-286674-0012,librispeech,DAC,8.0,4.6639
7976-110124-0007,librispeech,DAC,8.0,4.6754
8297-275156-0001,librispeech,DAC,8.0,4.6809
84-121123-0027,librispeech,DAC,8.0,4.6473
84-121550-0002,librispeech,DAC,8.0,4.6522
AM Contra - Heart Peripheral,musdb,DAC,8.0,2.9602
Al James - Schoolboy Facination,musdb,DAC,8.0,2.8768
Angels In Amplifiers - I'm Alright,musdb,DAC,8.0,2.3431
Arise - Run Run Run,musdb,DAC,8.0,2.9242
BKS - Bulldozer,musdb,DAC,8.0,2.951
BKS - Too Much,musdb,DAC,8.0,2.7012
Ben Carrigan - We'll Talk About It All Tonight,musdb,DAC,8.0,3.5981
Bobby Nobody - Stitch Up,musdb,DAC,8.0,2.8555
Buitraker - Revo X,musdb,DAC,8.0,2.827
Carlos Gonzalez - A Place For Us,musdb,DAC,8.0,2.7077
Cristina Vane - So Easy,musdb,DAC,8.0,2.4717
Detsky Sad - Walkie Talkie,musdb,DAC,8.0,3.8998
Enda Reilly - Cur An Long Ag Seol,musdb,DAC,8.0,2.6307
Forkupines - Semantics,musdb,DAC,8.0,3.4621
Georgia Wonder - Siren,musdb,DAC,8.0,2.7354
Girls Under Glass - We Feel Alright,musdb,DAC,8.0,2.5175
Hollow Ground - Ill Fate,musdb,DAC,8.0,2.8729
James Elder & Mark M Thompson - The English Actor,musdb,DAC,8.0,2.891
Juliet's Rescue - Heartbeats,musdb,DAC,8.0,2.7093
Little Chicago's Finest - My Own,musdb,DAC,8.0,2.6432
Louis Cressy Band - Good Time,musdb,DAC,8.0,3.1052
Lyndsey Ollard - Catching Up,musdb,DAC,8.0,3.2432
M.E.R.C. Music - Knockout,musdb,DAC,8.0,2.7209
Moosmusic - Big Dummy Shake,musdb,DAC,8.0,2.7839
Motor Tapes - Shore,musdb,DAC,8.0,2.6086
Mu - Too Bright,musdb,DAC,8.0,3.2709
Nerve 9 - Pray For The Rain,musdb,DAC,8.0,2.5843
PR - Happy Daze,musdb,DAC,8.0,3.2904
PR - Oh No,musdb,DAC,8.0,3.1907
Punkdisco - Oral Hygiene,musdb,DAC,8.0,2.8154
Raft Monk - Tiring,musdb,DAC,8.0,2.9315
Sambasevam Shanmugam - Kaathaadi,musdb,DAC,8.0,2.1682
Secretariat - Borderline,musdb,DAC,8.0,2.7571
Secretariat - Over The Top,musdb,DAC,8.0,2.4666
Side Effects Project - Sing With Me,musdb,DAC,8.0,2.8587
Signe Jakobsen - What Have You Done To Me,musdb,DAC,8.0,3.0167
Skelpolu - Resurrection,musdb,DAC,8.0,2.5218
Speak Softly - Broken Man,musdb,DAC,8.0,2.6127
Speak Softly - Like Horses,musdb,DAC,8.0,2.9436
The Doppler Shift - Atrophy,musdb,DAC,8.0,2.9977
The Easton Ellises (Baumi) - SDRNR,musdb,DAC,8.0,3.496
The Easton Ellises - Falcon 69,musdb,DAC,8.0,3.1712
The Long Wait - Dark Horses,musdb,DAC,8.0,2.6744
The Mountaineering Club - Mallory,musdb,DAC,8.0,3.1471
The Sunshine Garcia Band - For I Am The Moon,musdb,DAC,8.0,2.7291
Timboz - Pony,musdb,DAC,8.0,2.9234
Tom McKenzie - Directions,musdb,DAC,8.0,3.0071
Triviul feat. The Fiend - Widow,musdb,DAC,8.0,2.8679
We Fell From The Sky - Not You,musdb,DAC,8.0,2.8386
Zeno - Signs,musdb,DAC,8.0,2.8104
1-121951-A-8,esc50,SNAC,0.8,4.2236
1-172649-B-40,esc50,SNAC,0.8,2.61
1-17742-A-12,esc50,SNAC,0.8,1.7472
1-18074-A-6,esc50,SNAC,0.8,1.6157
1-208757-A-2,esc50,SNAC,0.8,3.264
1-24074-A-43,esc50,SNAC,0.8,3.3358
1-24524-C-19,esc50,SNAC,0.8,3.9847
1-51436-A-17,esc50,SNAC,0.8,2.1669
1-51805-E-33,esc50,SNAC,0.8,4.0281
1-60460-A-36,esc50,SNAC,0.8,2.4939
1-62509-A-45,esc50,SNAC,0.8,2.6994
1-64473-A-45,esc50,SNAC,0.8,3.0982
1-79146-A-29,esc50,SNAC,0.8,3.7059
1462-170138-0000,librispeech,SNAC,0.8,4.2825
1673-143397-0008,librispeech,SNAC,0.8,4.2665
1919-142785-0028,librispeech,SNAC,0.8,4.2167
1988-147956-0022,librispeech,SNAC,0.8,4.363
1988-24833-0015,librispeech,SNAC,0.8,4.3478
2-102581-A-29,esc50,SNAC,0.8,4.0069
2-103424-A-3,esc50,SNAC,0.8,4.1421
2-114587-A-0,esc50,SNAC,0.8,3.702
2-116400-A-0,esc50,SNAC,0.8,1.9253
2-122820-B-36,esc50,SNAC,0.8,2.7734
2-141681-B-36,esc50,SNAC,0.8,2.6582
2-154688-A-31,esc50,SNAC,0.8,3.722
2-155801-A-11,esc50,SNAC,0.8,2.4317
2-166644-C-2,esc50,SNAC,0.8,2.5522
2-184077-A-49,esc50,SNAC,0.8,2.5067
2-81970-C-7,esc50,SNAC,0.8,1.5304
2078-142845-0030,librispeech,SNAC,0.8,4.1539
2277-149896-0029,librispeech,SNAC,0.8,4.3077
2428-83699-0008,librispeech,SNAC,0.8,4.3467
2428-83699-0027,librispeech,SNAC,0.8,4.2166
2428-83699-0036,librispeech,SNAC,0.8,4.3999
2428-83705-0034,librispeech,SNAC,0.8,4.4078
251-118436-0002,librispeech,SNAC,0.8,4.1039
251-137823-0007,librispeech,SNAC,0.8,4.0445
251-137823-0008,librispeech,SNAC,0.8,4.1657
3-102908-A-4,esc50,SNAC,0.8,2.6163
3-115382-A-44,esc50,SNAC,0.8,3.7687
3-125418-A-24,esc50,SNAC,0.8,4.072
3-130998-A-28,esc50,SNAC,0.8,1.8188
3-136451-A-45,esc50,SNAC,0.8,2.8568
3-144827-A-11,esc50,SNAC,0.8,3.0312
3-148932-A-34,esc50,SNAC,0.8,4.5826
3-181132-A-14,esc50,SNAC,0.8,3.7937
3000-15664-0040,librispeech,SNAC,0.8,4.2008
3081-166546-0019,librispeech,SNAC,0.8,4.1562
3081-166546-0081,librispeech,SNAC,0.8,4.2255
3536-23268-0015,librispeech,SNAC,0.8,3.8814
3536-23268-0016,librispeech,SNAC,0.8,4.201
3536-23268-0026,librispeech,SNAC,0.8,4.1414
3752-4943-0020,librispeech,SNAC,0.8,4.2444
3752-4944-0024,librispeech,SNAC,0.8,4.1859
3752-4944-0050,librispeech,SNAC,0.8,4.2486
3853-163249-0016,librispeech,SNAC,0.8,4.1033
3853-163249-0029,librispeech,SNAC,0.8,4.2793
4-128659-A-33,esc50,SNAC,0.8,2.8112
4-145006-A-18,esc50,SNAC,0.8,2.7618
4-157297-A-21,esc50,SNAC,0.8,3.6954
4-157611-A-41,esc50,SNAC,0.8,2.2818
4-159426-A-9,esc50,SNAC,0.8,4.0526
4-182795-A-14,esc50,SNAC,0.8,3.4169
4-186693-A-17,esc50,SNAC,0.8,3.0964
4-198962-B-25,esc50,SNAC,0.8,4.1776
4-218199-F-35,esc50,SNAC,0.8,2.9867
4-59579-A-20,esc50,SNAC,0.8,2.7829
5-117120-A-42,esc50,SNAC,0.8,3.4944
5-133989-A-42,esc50,SNAC,0.8,4.1084
5-197121-B-45,esc50,SNAC,0.8,3.0984
5-204604-A-24,esc50,SNAC,0.8,4.514
5-212454-A-0,esc50,SNAC,0.8,2.8542
5-235874-A-28,esc50,SNAC,0.8,3.4767
5-253094-C-49,esc50,SNAC,0.8,2.5483
5-61635-A-8,esc50,SNAC,0.8,1.9771
5338-284437-0000,librispeech,SNAC,0.8,4.2692
5338-284437-0007,librispeech,SNAC,0.8,4.0899
5338-284437-0033,librispeech,SNAC,0.8,4.0975
5536-43359-0018,librispeech,SNAC,0.8,4.2096
5536-43363-0014,librispeech,SNAC,0.8,4.2398
5694-64029-0017,librispeech,SNAC,0.8,4.4021
5895-34615-0017,librispeech,SNAC,0.8,4.2845
5895-34629-0023,librispeech,SNAC,0.8,4.3311
6241-61946-0005,librispeech,SNAC,0.8,4.1581
6241-61946-0008,librispeech,SNAC,0.8,4.1028
6313-66125-0015,librispeech,SNAC,0.8,4.317
6313-66125-0024,librispeech,SNAC,0.8,4.1985
6313-66129-0014,librispeech,SNAC,0.8,4.312
6313-66129-0030,librispeech,SNAC,0.8,4.3252
6313-76958-0017,librispeech,SNAC,0.8,4.3315
6345-93306-0005,librispeech,SNAC,0.8,4.1048
6345-93306-0009,librispeech,SNAC,0.8,4.3072
777-126732-0003,librispeech,SNAC,0.8,4.3734
777-126732-0004,librispeech,SNAC,0.8,4.3258
777-126732-0021,librispeech,SNAC,0.8,4.3256
7850-286674-0012,librispeech,SNAC,0.8,4.335
7976-110124-0007,librispeech,SNAC,0.8,4.17
8297-275156-0001,librispeech,SNAC,0.8,4.3025
84-121123-0027,librispeech,SNAC,0.8,4.2893
84-121550-0002,librispeech,SNAC,0.8,4.156
AM Contra - Heart Peripheral,musdb,SNAC,0.8,2.5544
Al James - Schoolboy Facination,musdb,SNAC,0.8,2.5568
Angels In Amplifiers - I'm Alright,musdb,SNAC,0.8,1.9186
Arise - Run Run Run,musdb,SNAC,0.8,2.5495
BKS - Bulldozer,musdb,SNAC,0.8,2.5504
BKS - Too Much,musdb,SNAC,0.8,2.411
Ben Carrigan - We'll Talk About It All Tonight,musdb,SNAC,0.8,3.2472
Bobby Nobody - Stitch Up,musdb,SNAC,0.8,2.4458
Buitraker - Revo X,musdb,SNAC,0.8,2.4526
Carlos Gonzalez - A Place For Us,musdb,SNAC,0.8,2.4115
Cristina Vane - So Easy,musdb,SNAC,0.8,2.1345
Detsky Sad - Walkie Talkie,musdb,SNAC,0.8,3.4296
Enda Reilly - Cur An Long Ag Seol,musdb,SNAC,0.8,2.2767
Forkupines - Semantics,musdb,SNAC,0.8,3.0983
Georgia Wonder - Siren,musdb,SNAC,0.8,2.4425
Girls Under Glass - We Feel Alright,musdb,SNAC,0.8,2.2443
Hollow Ground - Ill Fate,musdb,SNAC,0.8,2.3967
James Elder & Mark M Thompson - The English Actor,musdb,SNAC,0.8,2.5866
Juliet's Rescue - Heartbeats,musdb,SNAC,0.8,2.3367
Little Chicago's Finest - My Own,musdb,SNAC,0.8,2.2487
Louis Cressy Band - Good Time,musdb,SNAC,0.8,2.7432
Lyndsey Ollard - Catching Up,musdb,SNAC,0.8,2.7416
M.E.R.C. Music - Knockout,musdb,SNAC,0.8,2.3711
Moosmusic - Big Dummy Shake,musdb,SNAC,0.8,2.4208
Motor Tapes - Shore,musdb,SNAC,0.8,2.1801
Mu - Too Bright,musdb,SNAC,0.8,3.0112
Nerve 9 - Pray For The Rain,musdb,SNAC,0.8,2.2784
PR - Happy Daze,musdb,SNAC,0.8,2.9491
PR - Oh No,musdb,SNAC,0.8,2.9646
Punkdisco - Oral Hygiene,musdb,SNAC,0.8,2.5731
Raft Monk - Tiring,musdb,SNAC,0.8,2.625
Sambasevam Shanmugam - Kaathaadi,musdb,SNAC,0.8,1.8198
Secretariat - Borderline,musdb,SNAC,0.8,2.3477
Secretariat - Over The Top,musdb,SNAC,0.8,2.0317
Side Effects Project - Sing With Me,musdb,SNAC,0.8,2.5358
Signe Jakobsen - What Have You Done To Me,musdb,SNAC,0.8,2.6198
Skelpolu - Resurrection,musdb,SNAC,0.8,2.2409
Speak Softly - Broken Man,musdb,SNAC,0.8,2.0995
Speak Softly - Like Horses,musdb,SNAC,0.8,2.6499
The Doppler Shift - Atrophy,musdb,SNAC,0.8,2.3841
The Easton Ellises (Baumi) - SDRNR,musdb,SNAC,0.8,3.0151
The Easton Ellises - Falcon 69,musdb,SNAC,0.8,2.9073
The Long Wait - Dark Horses,musdb,SNAC,0.8,2.258
The Mountaineering Club - Mallory,musdb,SNAC,0.8,2.7116
The Sunshine Garcia Band - For I Am The Moon,musdb,SNAC,0.8,2.3674
Timboz - Pony,musdb,SNAC,0.8,2.6305
Tom McKenzie - Directions,musdb,SNAC,0.8,2.6882
Triviul feat. The Fiend - Widow,musdb,SNAC,0.8,2.3851
We Fell From The Sky - Not You,musdb,SNAC,0.8,2.5761
Zeno - Signs,musdb,SNAC,0.8,2.39
1-121951-A-8,esc50,WavTokenizer,0.9,4.2323
1-172649-B-40,esc50,WavTokenizer,0.9,2.3817
1-17742-A-12,esc50,WavTokenizer,0.9,1.7528
1-18074-A-6,esc50,WavTokenizer,0.9,1.4047
1-208757-A-2,esc50,WavTokenizer,0.9,3.2191
1-24074-A-43,esc50,WavTokenizer,0.9,3.4754
1-24524-C-19,esc50,WavTokenizer,0.9,3.8125
1-51436-A-17,esc50,WavTokenizer,0.9,2.1856
1-51805-E-33,esc50,WavTokenizer,0.9,4.0321
1-60460-A-36,esc50,WavTokenizer,0.9,2.799
1-62509-A-45,esc50,WavTokenizer,0.9,2.733
1-64473-A-45,esc50,WavTokenizer,0.9,3.0636
1-79146-A-29,esc50,WavTokenizer,0.9,3.7185
1462-170138-0000,librispeech,WavTokenizer,0.9,4.1191
1673-143397-0008,librispeech,WavTokenizer,0.9,3.7808
1919-142785-0028,librispeech,WavTokenizer,0.9,3.8023
1988-147956-0022,librispeech,WavTokenizer,0.9,4.2582
1988-24833-0015,librispeech,WavTokenizer,0.9,4.2098
2-102581-A-29,esc50,WavTokenizer,0.9,3.9084
2-103424-A-3,esc50,WavTokenizer,0.9,4.1543
2-114587-A-0,esc50,WavTokenizer,0.9,3.6241
2-116400-A-0,esc50,WavTokenizer,0.9,1.811
2-122820-B-36,esc50,WavTokenizer,0.9,2.8663
2-141681-B-36,esc50,WavTokenizer,0.9,2.4988
2-154688-A-31,esc50,WavTokenizer,0.9,3.6689
2-155801-A-11,esc50,WavTokenizer,0.9,2.4501
2-166644-C-2,esc50,WavTokenizer,0.9,2.5628
2-184077-A-49,esc50,WavTokenizer,0.9,2.51
2-81970-C-7,esc50,WavTokenizer,0.9,1.4124
2078-142845-0030,librispeech,WavTokenizer,0.9,3.9059
2277-149896-0029,librispeech,WavTokenizer,0.9,3.9608
2428-83699-0008,librispeech,WavTokenizer,0.9,4.0392
2428-83699-0027,librispeech,WavTokenizer,0.9,4.037
2428-83699-0036,librispeech,WavTokenizer,0.9,4.126
2428-83705-0034,librispeech,WavTokenizer,0.9,4.097
251-118436-0002,librispeech,WavTokenizer,0.9,3.8844
251-137823-0007,librispeech,WavTokenizer,0.9,3.8441
251-137823-0008,librispeech,WavTokenizer,0.9,3.8634
3-102908-A-4,esc50,WavTokenizer,0.9,2.5973
3-115382-A-44,esc50,WavTokenizer,0.9,3.7277
3-125418-A-24,esc50,WavTokenizer,0.9,4.1272
3-130998-A-28,esc50,WavTokenizer,0.9,1.8937
3-136451-A-45,esc50,WavTokenizer,0.9,2.8662
3-144827-A-11,esc50,WavTokenizer,0.9,3.0622
3-148932-A-34,esc50,WavTokenizer,0.9,4.5741
3-181132-A-14,esc50,WavTokenizer,0.9,3.7697
3000-15664-0040,librispeech,WavTokenizer,0.9,3.9029
3081-166546-0019,librispeech,WavTokenizer,0.9,3.7577
3081-166546-0081,librispeech,WavTokenizer,0.9,3.9871
3536-23268-0015,librispeech,WavTokenizer,0.9,3.7815
3536-23268-0016,librispeech,WavTokenizer,0.9,3.9814
3536-23268-0026,librispeech,WavTokenizer,0.9,3.8827
3752-4943-0020,librispeech,WavTokenizer,0.9,3.999
3752-4944-0024,librispeech,WavTokenizer,0.9,3.9301
3752-4944-0050,librispeech,WavTokenizer,0.9,3.9766
3853-163249-0016,librispeech,WavTokenizer,0.9,3.9369
3853-163249-0029,librispeech,WavTokenizer,0.9,3.8974
4-128659-A-33,esc50,WavTokenizer,0.9,2.9164
4-145006-A-18,esc50,WavTokenizer,0.9,2.7584
4-157297-A-21,esc50,WavTokenizer,0.9,3.6498
4-157611-A-41,esc50,WavTokenizer,0.9,2.2471
4-159426-A-9,esc50,WavTokenizer,0.9,4.1333
4-182795-A-14,esc50,WavTokenizer,0.9,3.3317
4-186693-A-17,esc50,WavTokenizer,0.9,3.2044
4-198962-B-25,esc50,WavTokenizer,0.9,4.2071
4-218199-F-35,esc50,WavTokenizer,0.9,3.004
4-59579-A-20,esc50,WavTokenizer,0.9,2.7171
5-117120-A-42,esc50,WavTokenizer,0.9,3.508
5-133989-A-42,esc50,WavTokenizer,0.9,3.8054
5-197121-B-45,esc50,WavTokenizer,0.9,3.1244
5-204604-A-24,esc50,WavTokenizer,0.9,4.3765
5-212454-A-0,esc50,WavTokenizer,0.9,2.8061
5-235874-A-28,esc50,WavTokenizer,0.9,3.4961
5-253094-C-49,esc50,WavTokenizer,0.9,2.5337
5-61635-A-8,esc50,WavTokenizer,0.9,2.0824
5338-284437-0000,librispeech,WavTokenizer,0.9,4.0704
5338-284437-0007,librispeech,WavTokenizer,0.9,4.0202
5338-284437-0033,librispeech,WavTokenizer,0.9,3.8829
5536-43359-0018,librispeech,WavTokenizer,0.9,4.0915
5536-43363-0014,librispeech,WavTokenizer,0.9,4.0635
5694-64029-0017,librispeech,WavTokenizer,0.9,4.2211
5895-34615-0017,librispeech,WavTokenizer,0.9,4.0096
5895-34629-0023,librispeech,WavTokenizer,0.9,4.0067
6241-61946-0005,librispeech,WavTokenizer,0.9,4.0019
6241-61946-0008,librispeech,WavTokenizer,0.9,3.946
6313-66125-0015,librispeech,WavTokenizer,0.9,3.8663
6313-66125-0024,librispeech,WavTokenizer,0.9,3.9559
6313-66129-0014,librispeech,WavTokenizer,0.9,3.9294
6313-66129-0030,librispeech,WavTokenizer,0.9,3.968
6313-76958-0017,librispeech,WavTokenizer,0.9,3.9833
6345-93306-0005,librispeech,WavTokenizer,0.9,3.8839
6345-93306-0009,librispeech,WavTokenizer,0.9,4.0319
777-126732-0003,librispeech,WavTokenizer,0.9,4.3446
777-126732-0004,librispeech,WavTokenizer,0.9,4.2651
777-126732-0021,librispeech,WavTokenizer,0.9,4.3251
7850-286674-0012,librispeech,WavTokenizer,0.9,4.164
7976-110124-0007,librispeech,WavTokenizer,0.9,3.8143
8297-275156-0001,librispeech,WavTokenizer,0.9,4.1028
84-121123-0027,librispeech,WavTokenizer,0.9,4.0242
84-121550-0002,librispeech,WavTokenizer,0.9,3.9452
AM Contra - Heart Peripheral,musdb,WavTokenizer,0.9,2.503
Al James - Schoolboy Facination,musdb,WavTokenizer,0.9,2.5327
Angels In Amplifiers - I'm Alright,musdb,WavTokenizer,0.9,1.9245
Arise - Run Run Run,musdb,WavTokenizer,0.9,2.435
BKS - Bulldozer,musdb,WavTokenizer,0.9,2.5423
BKS - Too Much,musdb,WavTokenizer,0.9,2.3688
Ben Carrigan - We'll Talk About It All Tonight,musdb,WavTokenizer,0.9,3.0717
Bobby Nobody - Stitch Up,musdb,WavTokenizer,0.9,2.386
Buitraker - Revo X,musdb,WavTokenizer,0.9,2.4221
Carlos Gonzalez - A Place For Us,musdb,WavTokenizer,0.9,2.4113
Cristina Vane - So Easy,musdb,WavTokenizer,0.9,2.0707
Detsky Sad - Walkie Talkie,musdb,WavTokenizer,0.9,3.4039
Enda Reilly - Cur An Long Ag Seol,musdb,WavTokenizer,0.9,2.2966
Forkupines - Semantics,musdb,WavTokenizer,0.9,2.9828
Georgia Wonder - Siren,musdb,WavTokenizer,0.9,2.4004
Girls Under Glass - We Feel Alright,musdb,WavTokenizer,0.9,2.256
Hollow Ground - Ill Fate,musdb,WavTokenizer,0.9,2.4208
James Elder & Mark M Thompson - The English Actor,musdb,WavTokenizer,0.9,2.5632
Juliet's Rescue - Heartbeats,musdb,WavTokenizer,0.9,2.3625
Little Chicago's Finest - My Own,musdb,WavTokenizer,0.9,2.1853
Louis Cressy Band - Good Time,musdb,WavTokenizer,0.9,2.7207
Lyndsey Ollard - Catching Up,musdb,WavTokenizer,0.9,2.697
M.E.R.C. Music - Knockout,musdb,WavTokenizer,0.9,2.3299
Moosmusic - Big Dummy Shake,musdb,WavTokenizer,0.9,2.4947
Motor Tapes - Shore,musdb,WavTokenizer,0.9,2.0599
Mu - Too Bright,musdb,WavTokenizer,0.9,2.9533
Nerve 9 - Pray For The Rain,musdb,WavTokenizer,0.9,2.268
PR - Happy Daze,musdb,WavTokenizer,0.9,2.8939
PR - Oh No,musdb,WavTokenizer,0.9,2.9091
Punkdisco - Oral Hygiene,musdb,WavTokenizer,0.9,2.6244
Raft Monk - Tiring,musdb,WavTokenizer,0.9,2.5912
Sambasevam Shanmugam - Kaathaadi,musdb,WavTokenizer,0.9,1.7932
Secretariat - Borderline,musdb,WavTokenizer,0.9,2.2527
Secretariat - Over The Top,musdb,WavTokenizer,0.9,2.0056
Side Effects Project - Sing With Me,musdb,WavTokenizer,0.9,2.4751
Signe Jakobsen - What Have You Done To Me,musdb,WavTokenizer,0.9,2.5879
Skelpolu - Resurrection,musdb,WavTokenizer,0.9,2.3033
Speak Softly - Broken Man,musdb,WavTokenizer,0.9,2.101
Speak Softly - Like Horses,musdb,WavTokenizer,0.9,2.6558
The Doppler Shift - Atrophy,musdb,WavTokenizer,0.9,2.2275
The Easton Ellises (Baumi) - SDRNR,musdb,WavTokenizer,0.9,3.0699
The Easton Ellises - Falcon 69,musdb,WavTokenizer,0.9,2.854
The Long Wait - Dark Horses,musdb,WavTokenizer,0.9,2.3026
The Mountaineering Club - Mallory,musdb,WavTokenizer,0.9,2.7265
The Sunshine Garcia Band - For I Am The Moon,musdb,WavTokenizer,0.9,2.3324
Timboz - Pony,musdb,WavTokenizer,0.9,2.6784
Tom McKenzie - Directions,musdb,WavTokenizer,0.9,2.5571
Triviul feat. The Fiend - Widow,musdb,WavTokenizer,0.9,2.3745
We Fell From The Sky - Not You,musdb,WavTokenizer,0.9,2.5512
Zeno - Signs,musdb,WavTokenizer,0.9,2.3719
